6544606,0.132,4130.8594,545.1409
6544643,0.1584,4130.8594,654.169
,,,
6544788,0.1056,4130.8594,436.1127
6544824,0.2111,4130.8594,872.2254
6544861,0.132,4130.8594,545.1409
6544897,0.1848,4130.8594,763.1972
6544933,0.2111,4125.9766,871.1944
6544970,0.1584,4130.8594,654.169
6545006,0.132,4125.9766,544.4965
6545043,0.2111,4125.9766,871.1944
6545079,0.132,4121.0938,543.8521
6545116,0.132,4130.8594,545.1409
6545152,0.1848,4130.8594,763.1972
6545188,0.1584,4130.8594,654.169
6545224,0.132,4135.7422,545.7852
6545261,0.1584,4130.8594,654.169
6545297,0.1848,4130.8594,763.1972
6545334,0.1848,4130.8594,763.1972
6545371,0.132,4135.7422,545.7852
6545406,0.132,4135.7422,545.7852
6545443,0.1848,4135.7422,764.0994
6545479,0.1584,4125.9766,653.3958
6545516,0.1848,4130.8594,763.1972
6545552,0.1848,4130.8594,763.1972
6545589,0.1056,4135.7422,436.6282
6545625,0.132,4130.8594,545.1409
6545661,0.1584,4125.9766,653.3958
6545697,0.2111,4140.625,874.2874
6545734,0.1848,4135.7422,764.0994
6545771,0.1584,4125.9766,653.3958
6545807,0.1848,4130.8594,763.1972
6545844,0.132,4130.8594,545.1409
6545880,0.132,4130.8594,545.1409
6545916,0.1848,4125.9766,762.2951
6545952,0.1584,4130.8594,654.169
6545989,0.1584,4135.7422,654.9423
6546025,0.2111,4130.8594,872.2254
6546062,0.2111,4130.8594,872.2254
6546099,0.1848,4121.0938,761.3929
6546135,0.1584,4125.9766,653.3958
6546171,0.1584,4135.7422,654.9423
6546207,0.132,4135.7422,545.7852
6546244,0.1848,4135.7422,764.0994
6546280,0.1848,4140.625,765.0015
6546317,0.132,4121.0938,543.8521
6546353,0.132,4125.9766,544.4965
6546390,0.1056,4140.625,437.1437
6546425,0.132,4135.7422,545.7852
6546462,0.132,4130.8594,545.1409
6546499,0.1584,4130.8594,654.169
6546535,0.1848,4125.9766,762.2951
6546572,0.132,4135.7422,545.7852
6546608,0.1584,4130.8594,654.169
6546644,0.1584,4130.8594,654.169
6546680,0.1056,4140.625,437.1437
6546717,0.1584,4116.2109,651.8492
6546753,0.1584,4130.8594,654.169
6546790,0.2111,4125.9766,871.1944
6546826,0.132,4125.9766,544.4965
6546863,0.1056,4125.9766,435.5972
6546899,0.1584,4130.8594,654.169
6546935,0.1584,4121.0938,652.6225
6546972,0.132,4130.8594,545.1409
6547008,0.1584,4135.7422,654.9423
6547045,0.2111,4130.8594,872.2254
6547081,0.1848,4130.8594,763.1972
6547118,0.132,4125.9766,544.4965
6547153,0.2111,4130.8594,872.2254
6547190,0.2111,4135.7422,873.2563
6547226,0.132,4130.8594,545.1409
6547263,0.1584,4135.7422,654.9423
6547300,0.1584,4130.8594,654.169
6547336,0.1848,4130.8594,763.1972
6547373,0.1584,4130.8594,654.169
6547408,0.132,4130.8594,545.1409
6547445,0.132,4135.7422,545.7852
6547481,0.1056,4130.8594,436.1127
6547518,0.1584,4121.0938,652.6225
6547554,0.1584,4125.9766,653.3958
6547591,0.1584,4125.9766,653.3958
6547627,0.132,4125.9766,544.4965
6547663,0.1056,4130.8594,436.1127
6547700,0.132,4135.7422,545.7852
6547736,0.132,4130.8594,545.1409
6547773,0.132,4125.9766,544.4965
6547809,0.1848,4135.7422,764.0994
6547846,0.1056,4135.7422,436.6282
6547881,0.1584,4130.8594,654.169
6547918,0.1584,4135.7422,654.9423
6547954,0.132,4130.8594,545.1409
6547991,0.1584,4121.0938,652.6225
6548027,0.1584,4130.8594,654.169
6548064,0.2111,4130.8594,872.2254
6548101,0.132,4130.8594,545.1409
6548136,0.1584,4125.9766,653.3958
6548173,0.132,4130.8594,545.1409
6548209,0.1584,4116.2109,651.8492
6548246,0.132,4130.8594,545.1409
6548282,0.1584,4135.7422,654.9423
6548319,0.1848,4130.8594,763.1972
6548355,0.1584,4130.8594,654.169
6548391,0.132,4125.9766,544.4965
6548428,0.1848,4130.8594,763.1972
6548464,0.1848,4130.8594,763.1972
6548501,0.132,4130.8594,545.1409
6548537,0.1848,4121.0938,761.3929
6548574,0.1584,4130.8594,654.169
6548610,0.1848,4135.7422,764.0994
6548646,0.1584,4125.9766,653.3958
6548682,0.1056,4121.0938,435.0817
6548719,0.1584,4125.9766,653.3958
6548755,0.132,4130.8594,545.1409
6548792,0.132,4135.7422,545.7852
6548829,0.1584,4125.9766,653.3958
6548865,0.1848,4125.9766,762.2951
6548901,0.1848,4130.8594,763.1972
6548937,0.1848,4130.8594,763.1972
6548974,0.1584,4135.7422,654.9423
6549010,0.1584,4140.625,655.7155
6549047,0.1584,4125.9766,653.3958
6549083,0.1584,4116.2109,651.8492
6549120,0.1584,4130.8594,654.169
6549155,0.2375,4130.8594,981.2535
6549192,0.132,4135.7422,545.7852
6549229,0.132,4130.8594,545.1409
6549265,0.1584,4130.8594,654.169
6549302,0.132,4130.8594,545.1409
6549338,0.1848,4121.0938,761.3929
6549374,0.1584,4130.8594,654.169
6549410,0.1848,4130.8594,763.1972
6549447,0.3431,4116.2109,1412.3401
6549484,0.1584,4125.9766,653.3958
6549521,0.2111,4125.9766,871.1944
6549557,0.2111,4125.9766,871.1944
6549594,0.1848,4121.0938,761.3929
6549630,0.2375,4121.0938,978.9338
6549666,0.132,4130.8594,545.1409
6549703,0.1584,4130.8594,654.169
6549739,0.132,4121.0938,543.8521
6549776,0.1584,4130.8594,654.169
6549812,0.132,4116.2109,543.2077
6549849,0.2903,4130.8594,1199.3099
6549885,0.1584,4140.625,655.7155
6549922,0.1848,4135.7422,764.0994
6549959,0.1848,4121.0938,761.3929
6549995,0.2111,4111.3281,868.1014
6550032,0.1584,4121.0938,652.6225
6550068,0.1056,4140.625,437.1437
6550105,0.1584,4135.7422,654.9423
6550140,0.2639,4125.9766,1088.9929
6550178,0.2111,4125.9766,871.1944
6550214,0.1584,4101.5625,649.5295
6550251,0.1848,4130.8594,763.1972
6550287,0.1848,4135.7422,764.0994
6550324,0.1584,4125.9766,653.3958
6550361,0.2375,4130.8594,981.2535
6550396,0.1848,4130.8594,763.1972
6550433,0.2111,4130.8594,872.2254
6550469,0.1848,4111.3281,759.5887
6550506,0.1584,4125.9766,653.3958
6550542,0.1584,4125.9766,653.3958
6550579,0.132,4125.9766,544.4965
6550615,0.2111,4125.9766,871.1944
6550651,0.1584,4140.625,655.7155
6550687,0.2111,4125.9766,871.1944
6550724,0.1584,4125.9766,653.3958
6550761,0.2111,4130.8594,872.2254
6550797,0.2375,4130.8594,981.2535
6550834,0.1848,4121.0938,761.3929
6550870,0.1584,4096.6797,648.7563
6550906,0.2111,4130.8594,872.2254
6550942,0.3167,4135.7422,1309.8845
6550980,0.132,4125.9766,544.4965
6551016,0.2111,4106.4453,867.0704
6551053,0.1584,4130.8594,654.169
6551089,0.2111,4130.8594,872.2254
6551126,0.2903,4125.9766,1197.8923
6551163,0.1848,4125.9766,762.2951
6551199,0.132,4111.3281,542.5634
6551236,0.2375,4125.9766,980.0937
6551272,0.1584,4106.4453,650.3027
6551309,0.1056,4135.7422,436.6282
6551345,0.132,4135.7422,545.7852
6551382,0.132,4130.8594,545.1409
6551417,0.1848,4121.0938,761.3929
6551454,0.1584,4130.8594,654.169
6551491,0.2111,4125.9766,871.1944
6551527,0.2111,4121.0938,870.1634
6551564,0.1584,4125.9766,653.3958
6551600,0.1584,4135.7422,654.9423
6551636,0.2375,4121.0938,978.9338
6551672,0.2111,4121.0938,870.1634
6551709,0.2903,4130.8594,1199.3099
6551746,0.1584,4130.8594,654.169
6551783,0.1584,4130.8594,654.169
6551819,0.1584,4135.7422,654.9423
6551856,0.2111,4125.9766,871.1944
6551892,0.1848,4130.8594,763.1972
6551928,0.1584,4125.9766,653.3958
6551965,0.132,4125.9766,544.4965
6552001,0.1584,4121.0938,652.6225
6552038,0.132,4135.7422,545.7852
6552074,0.1584,4135.7422,654.9423
6552111,0.1848,4125.9766,762.2951
6552146,0.132,4130.8594,545.1409
6552183,0.2111,4111.3281,868.1014
6552219,0.2903,4125.9766,1197.8923
6552257,0.1584,4125.9766,653.3958
6552294,0.132,4130.8594,545.1409
6552330,0.1848,4125.9766,762.2951
6552367,0.2111,4111.3281,868.1014
6552402,0.1584,4125.9766,653.3958
6552439,0.1848,4121.0938,761.3929
6552475,0.2111,4130.8594,872.2254
6552512,0.1584,4130.8594,654.169
6552548,0.132,4130.8594,545.1409
6552585,0.2111,4130.8594,872.2254
6552622,0.2903,4135.7422,1200.7275
6552658,0.1584,4130.8594,654.169
6552695,0.3431,4130.8594,1417.3662
6552732,0.2903,4130.8594,1199.3099
6552770,0.1848,4130.8594,763.1972
6552806,0.132,4125.9766,544.4965
6552843,0.1584,4130.8594,654.169
6552879,0.2639,4125.9766,1088.9929
6552916,0.1584,4130.8594,654.169
6552952,0.1584,4130.8594,654.169
6552989,0.1584,4130.8594,654.169
6553026,0.1848,4121.0938,761.3929
6553062,0.1848,4135.7422,764.0994
6553099,0.1584,4121.0938,652.6225
6553135,0.1584,4111.3281,651.076
6553171,0.2375,4135.7422,982.4134
6553207,0.1584,4125.9766,653.3958
6553244,0.1584,4135.7422,654.9423
6553280,0.3167,4125.9766,1306.7915
6553318,0.2375,4121.0938,978.9338
6553355,0.1848,4121.0938,761.3929
6553391,0.1584,4125.9766,653.3958
6553427,0.1848,4125.9766,762.2951
6553463,0.1584,4130.8594,654.169
6553500,0.2903,4125.9766,1197.8923
6553537,0.2111,4150.3906,876.3494
6553574,0.2903,4116.2109,1195.057
6553611,0.2111,4135.7422,873.2563
6553648,0.2111,4140.625,874.2874
6553683,0.1848,4130.8594,763.1972
6553720,0.3167,4125.9766,1306.7915
6553758,0.132,4111.3281,542.5634
6553794,0.132,4135.7422,545.7852
6553831,0.132,4116.2109,543.2077
6553867,0.1848,4125.9766,762.2951
6553904,0.2111,4130.8594,872.2254
6553939,0.132,4125.9766,544.4965
6553976,0.1848,4121.0938,761.3929
6554012,0.2375,4125.9766,980.0937
6554049,0.132,4130.8594,545.1409
6554086,0.1848,4111.3281,759.5887
6554122,0.2639,4121.0938,1087.7042
6554160,0.1848,4135.7422,764.0994
6554195,0.3167,4140.625,1311.431
6554233,0.1848,4121.0938,761.3929
6554269,0.132,4125.9766,544.4965
6554306,0.2903,4111.3281,1193.6394
6554343,0.2639,4121.0938,1087.7042
6554381,0.1584,4111.3281,651.076
6554417,0.1584,4111.3281,651.076
6554454,0.132,4135.7422,545.7852
6554490,0.132,4125.9766,544.4965
6554526,0.3695,4125.9766,1524.5902
6554564,0.1584,4130.8594,654.169
6554600,0.1584,4125.9766,653.3958
6554637,0.2111,4121.0938,870.1634
6554673,0.132,4101.5625,541.2746
6554710,0.1584,4121.0938,652.6225
6554745,0.2111,4135.7422,873.2563
6554782,0.132,4125.9766,544.4965
6554819,0.1848,4135.7422,764.0994
6554855,0.1848,4111.3281,759.5887
6554892,0.2639,4106.4453,1083.8379
6554929,0.3167,4130.8594,1308.338
6554967,0.2903,4125.9766,1197.8923
6555003,0.1584,4155.2734,658.0353
6555040,0.1848,4130.8594,763.1972
6555076,0.3431,4135.7422,1419.0416
6555114,0.0792,4125.9766,326.6979
6555151,0.1584,4116.2109,651.8492
6555187,0.2375,4135.7422,982.4134
6555224,0.1584,4096.6797,648.7563
6555259,0.1848,4125.9766,762.2951
6555296,0.1584,4125.9766,653.3958
6555332,0.3167,4140.625,1311.431
6555370,0.1056,4135.7422,436.6282
6555406,0.132,4106.4453,541.9189
6555443,0.2111,4106.4453,867.0704
6555479,0.1584,4135.7422,654.9423
6555515,0.1584,4125.9766,653.3958
6555552,0.1584,4125.9766,653.3958
6555588,0.1848,4130.8594,763.1972
6555625,0.1848,4135.7422,764.0994
6555661,0.1848,4130.8594,763.1972
6555698,0.2639,4135.7422,1091.5704
6555735,1.5044,3955.0781,5950.1543
6555772,1.5044,3935.5469,5920.771
6555809,1.3725,3959.9609,5434.9126
6555847,1.2933,3964.8438,5127.6748
6555885,1.2141,3959.9609,4807.8076
6555922,1.2141,3959.9609,4807.8076
6555960,1.3461,3964.8438,5336.9678
6555997,1.2405,3940.4297,4888.0962
6556035,1.1613,3955.0781,4593.1016
6556071,1.1877,3950.1953,4691.6909
6556109,1.1877,3930.6641,4668.4937
6556146,1.2141,3925.7813,4766.3096
6556184,1.2933,3950.1953,5108.7305
6556222,1.2405,3901.3672,4839.6392
6556259,1.2141,3920.8984,4760.3813
6556297,1.1613,3920.8984,4553.4082
6556334,1.3461,3911.1328,5264.6689
6556371,1.3461,3916.0156,5271.2417
6556408,1.2669,3930.6641,4979.7261
6556446,1.2933,3945.3125,5102.4155
6556484,1.4516,3945.3125,5727.2007
6556521,1.4253,3955.0781,5636.9883
6556559,1.3989,3959.9609,5539.4297
6556596,1.5572,3940.4297,6136.1211
6556634,1.5572,3955.0781,6158.9316
6556670,1.6892,3930.6641,6639.6353
6556708,1.6628,3930.6641,6535.8911
6556745,1.7684,3911.1328,6916.3296
6556783,1.5572,3901.3672,6075.292
6556821,1.6892,3872.0703,6540.6592
6556858,1.742,3857.4219,6719.5376
6556896,1.8739,3818.3594,7155.3926
6556933,1.7948,3876.9531,6958.2144
6556971,1.61,3823.2422,6155.4521
6557007,1.7684,3833.0078,6778.1758
6557045,1.8212,3847.6563,7007.1865
6557083,1.8739,3857.4219,7228.5938
6557120,1.7948,3872.0703,6949.4507
6557158,1.8476,3896.4844,7198.9521
6557195,1.8476,3901.3672,7207.9736
6557233,1.9267,3896.4844,7507.479
6557270,1.8212,3906.25,7113.895
6557307,1.8212,3901.3672,7105.0024
6557344,1.9267,3891.6016,7498.0713
6557382,1.9795,3852.5391,7626.1724
6557420,1.9531,3842.7734,7505.417
6557457,1.9531,3813.4766,7448.1963
6557495,1.8739,3793.9453,7109.6421
6557532,1.9267,3784.1797,7291.0981
6557570,1.9267,3774.4141,7272.2822
6557606,1.9795,3793.9453,7510.1851
6557644,1.9795,3813.4766,7548.8477
6557682,1.9267,3833.0078,7385.1768
6557719,2.0323,3818.3594,7760.0737
6557757,1.9531,3842.7734,7505.417
6557794,1.9267,3847.6563,7413.4004
6557832,1.9267,3891.6016,7498.0713
6557869,2.1115,3881.8359,8196.4443
6557906,1.9795,3872.0703,7664.835
6557943,1.9267,3881.8359,7479.2554
6557981,2.0059,3842.7734,7708.2656
6558019,1.9795,3803.7109,7529.5161
6558056,2.0323,3789.0625,7700.5332
6558094,2.0851,3793.9453,7910.729
6558131,2.0323,3779.2969,7680.6865
6558169,2.0587,3754.8828,7730.1748
6558205,2.0587,3779.2969,7780.436
6558243,2.1643,3818.3594,8263.9746
6558281,2.0323,3828.125,7779.9204
6558318,2.1115,3852.5391,8134.584
6558356,2.1379,3862.3047,8257.1445
6558393,2.1379,3867.1875,8267.583
6558431,2.1643,3842.7734,8316.8135
6558468,2.0851,3837.8906,8002.3589
6558505,2.1115,3842.7734,8113.9639
6558542,2.0851,3813.4766,7951.4531
6558580,2.1115,3803.7109,8031.4839
6558618,2.0851,3764.6484,7849.6421
6558655,2.1115,3745.1172,7907.7642
6558693,2.1907,3754.8828,8225.6982
6558730,2.1379,3750,8017.0503
6558768,2.1907,3779.2969,8279.1816
6558804,2.1907,3818.3594,8364.7549
6558842,2.1115,3813.4766,8052.104
6558880,2.0851,3833.0078,7992.1777
6558917,2.0851,3828.125,7981.9966
6558955,2.0851,3833.0078,7992.1777
6558992,2.1643,3842.7734,8316.8135
6559030,2.1115,3852.5391,8134.584
6559067,2.2698,3823.2422,8678.1777
6559105,2.1907,3837.8906,8407.541
6559141,2.1643,3818.3594,8263.9746
6559179,2.1643,3769.5313,8158.2974
6559217,2.1907,3769.5313,8257.7881
6559254,2.349,3735.3516,8774.4482
6559292,2.2435,3750,8412.9541
6559329,2.1907,3764.6484,8247.0918
6559367,2.1907,3759.7656,8236.3955
6559404,2.1907,3784.1797,8289.8779
6559441,2.1907,3813.4766,8354.0576
6559479,2.2698,3823.2422,8678.1777
6559516,2.2171,3803.7109,8433.0586
6559554,2.3754,3823.2422,9081.8145
6559591,2.2435,3803.7109,8533.4521
6559629,2.2435,3823.2422,8577.2695
6559666,2.2962,3823.2422,8779.0879
6559704,2.2698,3808.5938,8644.9287
6559740,2.2698,3784.1797,8589.5117
6559778,2.2698,3769.5313,8556.2627
6559816,2.2698,3754.8828,8523.0127
6559853,2.3226,3759.7656,8732.5635
6559891,2.2435,3754.8828,8423.9082
6559928,2.2698,3754.8828,8523.0127
6559966,2.2962,3754.8828,8622.1182
6560003,2.2435,3779.2969,8478.6807
6560040,2.2698,3774.4141,8567.3457
6560078,2.2962,3784.1797,8689.3906
6560115,2.3226,3784.1797,8789.2686
6560153,2.3754,3803.7109,9035.4199
6560190,2.3754,3818.3594,9070.2158
6560228,2.3226,3818.3594,8868.6563
6560265,2.3754,3813.4766,9058.6172
6560303,2.349,3808.5938,8946.4961
6560339,2.2171,3803.7109,8433.0586
6560377,2.2698,3789.0625,8600.5957
6560415,2.2962,3759.7656,8633.3301
6560452,2.2435,3735.3516,8380.0908
6560490,2.3226,3740.2344,8687.2002
6560527,2.349,3740.2344,8785.918
6560565,2.2962,3750,8610.9053
6560602,2.2962,3779.2969,8678.1787
6560640,2.2435,3779.2969,8478.6807
6560677,2.349,3789.0625,8900.6172
6560714,2.2962,3798.8281,8723.0273
6560752,2.3226,3798.8281,8823.292
6560789,2.3754,3803.7109,9035.4199
6560827,2.2698,3808.5938,8644.9287
6560864,2.2698,3798.8281,8622.7617
6560902,2.2698,3779.2969,8578.4287
6560939,2.4018,3759.7656,9030.2646
6560976,2.3226,3740.2344,8687.2002
6561014,2.3754,3745.1172,8896.2344
6561051,2.3754,3735.3516,8873.0371
6561089,2.2962,3730.4688,8566.0576
6561126,2.3754,3725.5859,8849.8398
6561164,2.5074,3750,9402.7139
6561201,2.349,3754.8828,8820.3281
6561239,2.3754,3769.5313,8954.2285
6561276,2.349,3789.0625,8900.6172
6561313,2.4282,3803.7109,9236.207
6561351,2.349,3813.4766,8957.9668
6561388,2.2962,3818.3594,8767.875
6561426,2.4018,3798.8281,9124.0859
6561463,2.349,3774.4141,8866.207
6561501,2.4282,3779.2969,9176.9248
6561538,2.5074,3769.5313,9451.6855
6561575,2.349,3740.2344,8785.918
6561613,2.349,3740.2344,8785.918
6561650,2.481,3730.4688,9255.2803
6561688,2.4018,3706.0547,8901.2607
6561725,2.4282,3720.7031,9034.6465
6561763,2.3226,3750,8709.8818
6561800,2.349,3769.5313,8854.7373
6561838,2.4018,3754.8828,9018.5371
6561875,2.481,3774.4141,9364.3086
6561912,2.349,3793.9453,8912.0869
6561950,2.4282,3784.1797,9188.7813
6561987,2.4018,3793.9453,9112.3584
6562025,2.5338,3808.5938,9650.1523
6562062,2.481,3764.6484,9340.0801
6562100,2.4018,3750,9006.8096
6562137,2.4282,3745.1172,9093.9297
6562174,2.349,3764.6484,8843.2676
6562212,2.4282,3720.7031,9034.6465
6562249,2.4546,3730.4688,9156.8193
6562287,2.4018,3720.7031,8936.4443
6562324,2.4018,3750,9006.8096
6562362,2.4546,3750,9204.7607
6562399,2.4546,3750,9204.7607
6562437,2.4282,3764.6484,9141.3555
6562475,2.4546,3769.5313,9252.7021
6562511,2.4282,3784.1797,9188.7813
6562549,2.4546,3779.2969,9276.6729
6562586,2.3754,3784.1797,8989.0244
6562624,2.4546,3784.1797,9288.6582
6562661,2.4282,3774.4141,9165.0684
6562699,2.5074,3764.6484,9439.4424
6562736,2.481,3754.8828,9315.8516
6562774,2.5338,3750,9501.6885
6562811,2.5074,3725.5859,9341.498
6562848,2.4282,3740.2344,9082.0732
6562886,2.3754,3720.7031,8838.2412
6562923,2.4018,3701.1719,8889.5332
6562961,2.3754,3701.1719,8791.8457
6562998,2.5338,3735.3516,9464.5732
6563036,2.5074,3730.4688,9353.7412
6563074,2.481,3740.2344,9279.5088
6563110,2.4546,3750,9204.7607
6563148,2.6394,3769.5313,9949.1426
6563185,2.4018,3789.0625,9100.6309
6563223,2.481,3764.6484,9340.0801
6563260,2.4546,3779.2969,9276.6729
6563298,2.4546,3789.0625,9300.6436
6563335,2.4546,3784.1797,9288.6582
6563373,2.4546,3764.6484,9240.7168
6563410,2.3754,3745.1172,8896.2344
6563447,2.4546,3750,9204.7607
6563485,2.5074,3715.8203,9317.0117
6563522,2.4282,3696.2891,8975.3643
6563560,2.4282,3706.0547,8999.0771
6563597,2.5074,3706.0547,9292.5254
6563635,2.5866,3696.2891,9560.7139
6563673,2.5866,3730.4688,9649.1221
6563709,2.481,3725.5859,9243.166
6563747,2.5866,3730.4688,9649.1221
6563784,2.5338,3764.6484,9538.8047
6563822,2.4546,3764.6484,9240.7168
6563859,2.481,3774.4141,9364.3086
6563897,2.5602,3803.7109,9738.1748
6563934,2.4546,3759.7656,9228.7314
6563972,2.481,3764.6484,9340.0801
6564009,2.6658,3745.1172,9983.5527
6564046,2.5602,3725.5859,9538.1602
6564084,2.5338,3730.4688,9452.2012
6564121,2.6394,3691.4063,9742.9424
6564159,2.5602,3686.5234,9438.1533
6564196,2.613,3701.1719,9671.0313
6564234,2.5602,3681.6406,9425.6533
6564272,2.5602,3691.4063,9450.6543
6564308,2.5866,3706.0547,9585.9736
6564346,2.4546,3745.1172,9192.7754
6564383,2.4018,3750,9006.8096
6564421,2.4282,3750,9105.7861
6564458,2.4546,3759.7656,9228.7314
6564496,2.5602,3754.8828,9613.166
6564533,2.6658,3764.6484,10035.618
6564572,2.5866,3759.7656,9724.9004
6564610,2.613,3754.8828,9811.376
6564646,2.5602,3754.8828,9613.166
6564684,2.5866,3745.1172,9687.0117
6564721,2.5338,3774.4141,9563.5488
6564759,2.6394,3750,9897.5928
6564796,2.481,3759.7656,9327.9658
6564834,2.481,3754.8828,9315.8516
6564872,2.5338,3735.3516,9464.5732
6564909,2.613,3725.5859,9734.8242
6564946,2.5338,3701.1719,9377.9688
6564983,2.5866,3701.1719,9573.3438
6565021,2.5338,3706.0547,9390.3408
6565058,2.613,3701.1719,9671.0313
6565096,2.6394,3715.8203,9807.3799
6565133,2.5602,3706.0547,9488.1572
6565171,2.5866,3730.4688,9649.1221
6565209,2.5602,3735.3516,9563.1621
6565245,2.5074,3745.1172,9390.4707
6565283,2.5602,3764.6484,9638.168
6565320,2.481,3764.6484,9340.0801
6565358,2.5602,3754.8828,9613.166
6565395,2.613,3759.7656,9824.1348
6565433,2.5602,3740.2344,9575.6631
6565471,2.5602,3740.2344,9575.6631
6565508,2.5602,3720.7031,9525.6602
6565545,2.5866,3706.0547,9585.9736
6565582,2.6394,3686.5234,9730.0557
6565620,2.6394,3696.2891,9755.8301
6565657,2.5338,3691.4063,9353.2246
6565695,2.5338,3706.0547,9390.3408
6565732,2.481,3720.7031,9231.0518
6565770,2.613,3735.3516,9760.3418
6565808,2.4546,3745.1172,9192.7754
6565844,2.5074,3769.5313,9451.6855
6565882,2.5074,3754.8828,9414.957
6565919,2.5602,3764.6484,9638.168
6565957,2.5602,3750,9600.665
6565994,2.6394,3745.1172,9884.7051
6566032,2.613,3730.4688,9747.583
6566070,2.6921,3730.4688,10042.964
6566108,2.5866,3730.4688,9649.1221
6566146,2.5602,3735.3516,9563.1621
6566182,2.5338,3725.5859,9439.8291
6566220,2.5338,3725.5859,9439.8291
6566257,2.5602,3706.0547,9488.1572
6566295,2.613,3701.1719,9671.0313
6566333,2.5074,3779.2969,9476.1719
6566370,2.5074,3706.0547,9292.5254
6566408,2.5602,3706.0547,9488.1572
6566445,2.5866,3740.2344,9674.3818
6566482,2.5338,3735.3516,9464.5732
6566519,2.5338,3730.4688,9452.2012
6566557,2.5866,3730.4688,9649.1221
6566594,2.6394,3740.2344,9871.8174
6566632,2.6658,3730.4688,9944.5029
6566670,2.5866,3735.3516,9661.752
6566707,2.5866,3754.8828,9712.2705
6566745,2.6394,3764.6484,9936.2549
6566781,2.5866,3740.2344,9674.3818
6566819,2.5338,3759.7656,9526.4326
6566856,2.5338,3740.2344,9476.9443
6566894,2.481,3706.0547,9194.709
6566932,2.5074,3730.4688,9353.7412
6566969,2.5338,3701.1719,9377.9688
6567007,2.6394,3691.4063,9742.9424
6567044,2.5866,3676.7578,9510.1953
6567081,2.5602,3710.9375,9500.6582
6567118,2.613,3691.4063,9645.5137
6567156,2.5866,3715.8203,9611.2334
6567193,2.6394,3715.8203,9807.3799
6567231,2.6394,3715.8203,9807.3799
6567269,2.6394,3720.7031,9820.2676
6567306,2.5602,3754.8828,9613.166
6567344,2.6394,3725.5859,9833.1553
6567380,2.5602,3740.2344,9575.6631
6567418,2.6394,3735.3516,9858.9307
6567455,2.5866,3720.7031,9623.8623
6567493,2.5866,3730.4688,9649.1221
6567531,2.481,3710.9375,9206.8232
6567568,2.5338,3720.7031,9427.457
6567606,2.5338,3701.1719,9377.9688
6567643,2.5338,3720.7031,9427.457
6567681,2.481,3730.4688,9255.2803
6567717,2.5866,3745.1172,9687.0117
6567755,2.5074,3754.8828,9414.957
6567792,2.5866,3745.1172,9687.0117
6567830,2.5602,3745.1172,9588.1641
6567868,2.613,3730.4688,9747.583
6567905,2.613,3735.3516,9760.3418
6567943,2.6394,3745.1172,9884.7051
6567980,2.5338,3725.5859,9439.8291
6568017,2.5602,3706.0547,9488.1572
6568054,2.5602,3691.4063,9450.6543
6568092,2.5866,3706.0547,9585.9736
6568130,2.5338,3750,9501.6885
6568167,2.5866,3706.0547,9585.9736
6568205,2.5602,3720.7031,9525.6602
6568242,2.5602,3735.3516,9563.1621
6568280,2.5338,3745.1172,9489.3164
6568316,2.6394,3754.8828,9910.4805
6568354,2.5602,3740.2344,9575.6631
6568391,2.613,3750,9798.6172
6568429,2.613,3735.3516,9760.3418
6568467,2.6394,3735.3516,9858.9307
6568504,2.5338,3725.5859,9439.8291
6568542,2.5602,3710.9375,9500.6582
6568579,2.5074,3691.4063,9255.7959
6568616,2.5074,3706.0547,9292.5254
6568653,2.5866,3706.0547,9585.9736
6568691,2.5602,3730.4688,9550.6611
6568729,2.5866,3754.8828,9712.2705
6568766,2.4546,3740.2344,9180.79
6568804,2.5602,3754.8828,9613.166
6568841,2.5338,3769.5313,9551.1768
6568879,2.5866,3720.7031,9623.8623
6568915,2.6394,3750,9897.5928
6568953,2.6658,3740.2344,9970.5361
6568990,2.5074,3710.9375,9304.7686
6569028,2.5338,3710.9375,9402.7129
6569066,2.5338,3706.0547,9390.3408
6569103,2.5074,3696.2891,9268.0391
6569141,2.5338,3696.2891,9365.5967
6569178,2.5602,3696.2891,9463.1553
6569216,2.5074,3720.7031,9329.2549
6569252,2.5338,3735.3516,9464.5732
6569290,2.613,3725.5859,9734.8242
6569328,2.5338,3710.9375,9402.7129
6569365,2.6658,3730.4688,9944.5029
6569403,2.5602,3745.1172,9588.1641
6569440,2.5602,3740.2344,9575.6631
6569478,2.5602,3720.7031,9525.6602
6569515,2.481,3725.5859,9243.166
6569552,2.5602,3706.0547,9488.1572
6569589,2.5602,3662.1094,9375.6494
6569627,2.4546,3715.8203,9120.8633
6569665,2.5074,3740.2344,9378.2275
6569702,2.5338,3759.7656,9526.4326
6569740,2.5338,3774.4141,9563.5488
6569777,2.5074,3740.2344,9378.2275
6569815,2.481,3725.5859,9243.166
6569851,2.5074,3720.7031,9329.2549
6569889,2.5074,3710.9375,9304.7686
6569927,2.5866,3750,9699.6416
6569964,2.5338,3706.0547,9390.3408
6570002,2.5338,3715.8203,9415.085
6570039,2.5338,3745.1172,9489.3164
6570077,2.5866,3740.2344,9674.3818
6570114,2.613,3818.3594,9977.2383
6570151,2.613,3750,9798.6172
6570188,2.481,3740.2344,9279.5088
6570226,2.5074,3735.3516,9365.9844
6570264,2.4282,3686.5234,8951.6514
6570301,2.5338,3706.0547,9390.3408
6570339,2.5074,3706.0547,9292.5254
6570376,2.5602,3730.4688,9550.6611
6570414,2.5866,3740.2344,9674.3818
6570450,2.5602,3769.5313,9650.668
6570488,2.5866,3745.1172,9687.0117
6570526,2.5602,3696.2891,9463.1553
6570563,2.5602,3715.8203,9513.1592
6570601,2.5602,3706.0547,9488.1572
6570638,2.5602,3686.5234,9438.1533
6570676,2.5338,3676.7578,9316.1094
6570713,2.5074,3715.8203,9317.0117
6570750,2.5338,3740.2344,9476.9443
6570787,2.613,3754.8828,9811.376
6570825,2.5338,3769.5313,9551.1768
6570863,2.4282,3745.1172,9093.9297
6570900,2.5338,3735.3516,9464.5732
6570938,2.5074,3706.0547,9292.5254
6570975,2.4546,3720.7031,9132.8486
6571013,2.5602,3691.4063,9450.6543
6571049,2.613,3706.0547,9683.79
6571087,2.5866,3730.4688,9649.1221
6571125,2.5602,3720.7031,9525.6602
6571162,2.5338,3745.1172,9489.3164
6571200,2.5602,3764.6484,9638.168
6571237,2.481,3740.2344,9279.5088
6571275,2.5866,3735.3516,9661.752
6571312,2.5866,3676.7578,9510.1953
6571350,2.5074,3676.7578,9219.0664
6571386,2.613,3691.4063,9645.5137
6571424,2.613,3701.1719,9671.0313
6571462,2.6394,3730.4688,9846.043
6571499,2.5602,3715.8203,9513.1592
6571537,2.5866,3745.1172,9687.0117
6571574,2.5602,3764.6484,9638.168
6571612,2.5074,3754.8828,9414.957
6571649,2.5866,3754.8828,9712.2705
6571686,2.5866,3740.2344,9674.3818
6571724,2.5866,3730.4688,9649.1221
6571761,2.5338,3725.5859,9439.8291
6571799,2.613,3686.5234,9632.7549
6571836,2.5074,3706.0547,9292.5254
6571874,2.481,3725.5859,9243.166
6571911,2.5074,3730.4688,9353.7412
6571949,2.5338,3750,9501.6885
6571985,2.613,3750,9798.6172
6572023,2.5602,3769.5313,9650.668
6572061,2.5338,3740.2344,9476.9443
6572098,2.481,3740.2344,9279.5088
6572136,2.5338,3720.7031,9427.457
6572173,2.5074,3686.5234,9243.5527
6572211,2.5074,3686.5234,9243.5527
6572248,2.5602,3715.8203,9513.1592
6572285,2.5866,3759.7656,9724.9004
6572323,2.6394,3735.3516,9858.9307
6572360,2.5074,3774.4141,9463.9287
6572398,2.481,3764.6484,9340.0801
6572435,2.5338,3725.5859,9439.8291
6572473,2.613,3710.9375,9696.5488
6572510,2.5338,3666.9922,9291.3652
6572548,2.5338,3691.4063,9353.2246
6572584,2.5602,3730.4688,9550.6611
6572622,2.5866,3730.4688,9649.1221
6572660,2.5074,3754.8828,9414.957
6572697,2.4282,3764.6484,9141.3555
6572735,2.349,3769.5313,8854.7373
6572772,2.4546,3706.0547,9096.8926
6572810,2.4282,3710.9375,9010.9336
6572847,2.5074,3706.0547,9292.5254
6572884,2.5338,3715.8203,9415.085
6572922,2.5338,3725.5859,9439.8291
6572959,2.5602,3759.7656,9625.667
6572997,2.613,3740.2344,9773.1006
6573034,2.481,3715.8203,9218.9375
6573072,2.481,3701.1719,9182.5947
6573109,2.4282,3696.2891,8975.3643
6573147,2.5866,3720.7031,9623.8623
6573184,2.4546,3745.1172,9192.7754
6573221,2.5074,3745.1172,9390.4707
6573259,2.481,3754.8828,9315.8516
6573296,2.5338,3735.3516,9464.5732
6573334,2.481,3710.9375,9206.8232
6573371,2.4018,3701.1719,8889.5332
6573409,2.4546,3725.5859,9144.834
6573446,2.4018,3754.8828,9018.5371
6573484,2.4546,3750,9204.7607
6573521,2.4546,3706.0547,9096.8926
6573558,2.5074,3735.3516,9365.9844
6573596,2.4018,3725.5859,8948.1719
6573633,2.5074,3710.9375,9304.7686
6573671,2.5074,3730.4688,9353.7412
6573708,2.5866,3764.6484,9737.5303
6573746,2.481,3750,9303.7373
6573783,2.4282,3740.2344,9082.0732
6573820,2.4546,3706.0547,9096.8926
6573858,2.4018,3715.8203,8924.7158
6573895,2.481,3750,9303.7373
6573933,2.4018,3764.6484,9041.9922
6573970,2.5074,3779.2969,9476.1719
6574008,2.4546,3720.7031,9132.8486
6574045,2.481,3720.7031,9231.0518
6574083,2.613,3686.5234,9632.7549
6574120,2.5338,3754.8828,9514.0605
6574157,2.481,3740.2344,9279.5088
6574195,2.4282,3759.7656,9129.499
6574232,2.349,3779.2969,8877.6777
6574270,2.481,3696.2891,9170.4805
6574307,2.4282,3710.9375,9010.9336
6574345,2.5338,3735.3516,9464.5732
6574382,2.4282,3750,9105.7861
6574419,2.481,3769.5313,9352.1943
6574457,2.4282,3750,9105.7861
6574494,2.5338,3701.1719,9377.9688
6574532,2.481,3671.875,9109.9092
6574569,2.5338,3730.4688,9452.2012
6574607,2.5074,3750,9402.7139
6574644,2.481,3769.5313,9352.1943
6574682,2.3754,3750,8907.833
6574720,2.4546,3745.1172,9192.7754
6574756,2.4282,3706.0547,8999.0771
6574794,2.5074,3725.5859,9341.498
6574831,2.481,3759.7656,9327.9658
6574869,2.613,3764.6484,9836.8936
6574906,2.4546,3745.1172,9192.7754
6574944,2.3754,3740.2344,8884.6357
6574981,2.481,3691.4063,9158.3662
6575019,2.4282,3735.3516,9070.2168
6575056,2.4018,3745.1172,8995.082
6575093,2.481,3764.6484,9340.0801
6575131,2.5074,3764.6484,9439.4424
6575168,2.481,3735.3516,9267.3945
6575206,2.481,3691.4063,9158.3662
6575243,2.5074,3720.7031,9329.2549
6575281,2.5866,3715.8203,9611.2334
6575319,2.4282,3725.5859,9046.5029
6575355,2.5338,3779.2969,9575.9209
6575393,2.481,3750,9303.7373
6575430,2.3226,3725.5859,8653.1768
6575468,2.4546,3706.0547,9096.8926
6575505,2.4282,3730.4688,9058.3594
6575543,2.4546,3759.7656,9228.7314
6575580,2.4282,3769.5313,9153.2119
6575618,2.5338,3774.4141,9563.5488
6575655,2.4546,3715.8203,9120.8633
6575692,2.4282,3686.5234,8951.6514
6575730,2.5602,3696.2891,9463.1553
6575767,2.481,3725.5859,9243.166
6575805,2.4282,3769.5313,9153.2119
6575842,2.481,3745.1172,9291.623
6575880,2.5074,3754.8828,9414.957
6575918,2.3226,3764.6484,8743.9053
6575954,2.3754,3706.0547,8803.4443
6575992,2.349,3735.3516,8774.4482
6576029,2.4018,3769.5313,9053.7197
6576067,2.4018,3789.0625,9100.6309
6576104,2.3754,3769.5313,8954.2285
6576142,2.349,3735.3516,8774.4482
6576179,2.5074,3706.0547,9292.5254
6576217,2.4282,3701.1719,8987.2207
6576254,2.4546,3740.2344,9180.79
6576291,2.4546,3764.6484,9240.7168
6576329,2.4018,3779.2969,9077.1748
6576366,2.4282,3735.3516,9070.2168
6576404,2.3226,3710.9375,8619.1543
6576441,2.4018,3696.2891,8877.8057
6576479,2.4282,3735.3516,9070.2168
6576517,2.4282,3754.8828,9117.6426
6576553,2.481,3764.6484,9340.0801
6576591,2.349,3740.2344,8785.918
6576628,2.4018,3706.0547,8901.2607
6576666,2.5338,3686.5234,9340.8525
6576703,2.4282,3720.7031,9034.6465
6576741,2.481,3745.1172,9291.623
6576778,2.5074,3774.4141,9463.9287
6576816,2.349,3764.6484,8843.2676
6576854,2.5074,3706.0547,9292.5254
6576890,2.481,3686.5234,9146.252
6576928,2.5338,3710.9375,9402.7129
6576965,2.4546,3764.6484,9240.7168
6577003,2.4546,3764.6484,9240.7168
6577040,2.481,3759.7656,9327.9658
6577078,2.4546,3735.3516,9168.8047
6577116,2.4282,3750,9105.7861
6577153,2.4282,3725.5859,9046.5029
6577190,2.5074,3769.5313,9451.6855
6577227,2.4282,3784.1797,9188.7813
6577265,2.4018,3759.7656,9030.2646
6577302,2.4018,3735.3516,8971.627
6577340,2.4546,3691.4063,9060.9365
6577377,2.4018,3701.1719,8889.5332
6577415,2.4546,3750,9204.7607
6577453,2.4546,3769.5313,9252.7021
6577489,2.481,3769.5313,9352.1943
6577527,2.4546,3750,9204.7607
6577564,2.4546,3720.7031,9132.8486
6577602,2.5602,3710.9375,9500.6582
6577639,2.3754,3701.1719,8791.8457
6577677,2.5338,3750,9501.6885
6577715,2.4282,3740.2344,9082.0732
6577752,2.4282,3759.7656,9129.499
6577789,2.5338,3745.1172,9489.3164
6577826,2.4546,3706.0547,9096.8926
6577864,2.4546,3701.1719,9084.9072
6577901,2.4282,3710.9375,9010.9336
6577939,2.4282,3769.5313,9153.2119
6577976,2.3754,3789.0625,9000.623
6578014,2.4282,3784.1797,9188.7813
6578052,2.4018,3750,9006.8096
6578088,2.4282,3706.0547,8999.0771
6578126,2.4282,3715.8203,9022.79
6578163,2.4018,3759.7656,9030.2646
6578201,2.4282,3774.4141,9165.0684
6578238,2.4282,3735.3516,9070.2168
6578276,2.481,3735.3516,9267.3945
6578314,2.481,3754.8828,9315.8516
6578351,2.481,3701.1719,9182.5947
6578388,2.5602,3754.8828,9613.166
6578425,2.4018,3764.6484,9041.9922
6578463,2.4018,3769.5313,9053.7197
6578500,2.5074,3740.2344,9378.2275
6578538,2.5602,3696.2891,9463.1553
6578575,2.4018,3696.2891,8877.8057
6578613,2.5074,3730.4688,9353.7412
6578651,2.481,3764.6484,9340.0801
6578688,2.5602,3784.1797,9688.1709
6578725,2.4282,3745.1172,9093.9297
6578762,2.2962,3735.3516,8577.2695
6578800,2.2962,3715.8203,8532.4209
6578837,2.349,3745.1172,8797.3887
6578875,2.3754,3750,8907.833
6578913,2.4018,3730.4688,8959.8994
6578950,2.4018,3759.7656,9030.2646
6578988,2.4018,3720.7031,8936.4443
6579024,2.4018,3701.1719,8889.5332
6579062,2.4018,3720.7031,8936.4443
6579099,2.4546,3764.6484,9240.7168
6579137,2.4018,3754.8828,9018.5371
6579174,2.4282,3750,9105.7861
6579212,2.4282,3730.4688,9058.3594
6579250,2.4546,3710.9375,9108.8779
6579287,2.4282,3691.4063,8963.5078
6579324,2.4282,3730.4688,9058.3594
6579361,2.3226,3774.4141,8766.5869
6579399,2.2698,3784.1797,8589.5117
6579436,2.3226,3774.4141,8766.5869
6579474,2.3226,3725.5859,8653.1768
6579512,2.4546,3764.6484,9240.7168
6579549,2.4282,3730.4688,9058.3594
6579587,2.4546,3759.7656,9228.7314
6579623,2.4282,3759.7656,9129.499
6579661,2.481,3764.6484,9340.0801
6579698,2.5074,3730.4688,9353.7412
6579736,2.5074,3706.0547,9292.5254
6579773,2.4546,3701.1719,9084.9072
6579811,2.5074,3730.4688,9353.7412
6579849,2.481,3764.6484,9340.0801
6579886,2.4546,3764.6484,9240.7168
6579923,2.4282,3750,9105.7861
6579960,2.3226,3715.8203,8630.4951
6579998,2.4018,3720.7031,8936.4443
6580035,2.4282,3740.2344,9082.0732
6580073,2.3754,3764.6484,8942.6299
6580111,2.349,3676.7578,8636.8105
6580148,2.3226,3735.3516,8675.8594
6580186,2.481,3696.2891,9170.4805
6580222,2.5338,3710.9375,9402.7129
6580260,2.481,3735.3516,9267.3945
6580297,2.4546,3754.8828,9216.7461
6580335,2.5074,3769.5313,9451.6855
6580372,2.349,3750,8808.8584
6580410,2.349,3701.1719,8694.1592
6580448,2.2962,3735.3516,8577.2695
6580485,2.2435,3769.5313,8456.7715
6580523,2.2698,3803.7109,8633.8447
6580559,2.3754,3774.4141,8965.8271
6580597,2.2698,3730.4688,8467.5967
6580634,2.4546,3701.1719,9084.9072
6580672,2.4546,3725.5859,9144.834
6580710,2.4546,3740.2344,9180.79
6580747,2.4282,3764.6484,9141.3555
6580785,2.5074,3759.7656,9427.2002
6580822,2.5866,3715.8203,9611.2334
6580859,2.5602,3686.5234,9438.1533
6580896,2.4282,3706.0547,8999.0771
6580934,2.5074,3759.7656,9427.2002
6580971,2.3226,3779.2969,8777.9277
6581009,2.2962,3764.6484,8644.542
6581047,2.4018,3730.4688,8959.8994
6581084,2.349,3701.1719,8694.1592
6581122,2.3754,3740.2344,8884.6357
6581158,2.349,3769.5313,8854.7373
6581196,2.3754,3784.1797,8989.0244
6581233,2.4546,3759.7656,9228.7314
6581271,2.4282,3701.1719,8987.2207
6581309,2.4282,3754.8828,9117.6426
6581346,2.5338,3730.4688,9452.2012
6581384,2.4282,3750,9105.7861
6581421,2.481,3793.9453,9412.7656
6581458,2.4282,3706.0547,8999.0771
6581495,2.4546,3706.0547,9096.8926
6581533,2.4546,3740.2344,9180.79
6581570,2.3754,3769.5313,8954.2285
6581608,2.481,3764.6484,9340.0801
6581646,2.4018,3735.3516,8971.627
6581683,2.349,3696.2891,8682.6895
6581721,2.349,3735.3516,8774.4482
6581757,2.3754,3759.7656,8931.0313
6581795,2.3226,3784.1797,8789.2686
6581832,2.3754,3769.5313,8954.2285
6581870,2.4018,3701.1719,8889.5332
6581908,2.3754,3779.2969,8977.4258
6581945,2.4546,3769.5313,9252.7021
6581983,2.5602,3784.1797,9688.1709
6582020,2.5338,3745.1172,9489.3164
6582057,2.4282,3676.7578,8927.9385
6582094,2.4546,3676.7578,9024.9805
6582132,2.3754,3764.6484,8942.6299
6582169,2.4018,3774.4141,9065.4473
6582207,2.4546,3750,9204.7607
6582245,2.349,3715.8203,8728.5693
6582282,2.4546,3710.9375,9108.8779
6582320,2.349,3725.5859,8751.5088
6582356,2.4018,3779.2969,9077.1748
6582394,2.3754,3764.6484,8942.6299
6582431,2.4018,3730.4688,8959.8994
6582469,2.481,3681.6406,9134.1377
6582507,2.4282,3769.5313,9153.2119
6582544,2.4546,3740.2344,9180.79
6582582,2.3754,3764.6484,8942.6299
6582619,2.5866,3730.4688,9649.1221
6582657,2.4282,3701.1719,8987.2207
6582693,2.4282,3710.9375,9010.9336
6582731,2.5866,3745.1172,9687.0117
6582768,2.4282,3774.4141,9165.0684
6582806,2.4282,3769.5313,9153.2119
6582844,2.349,3735.3516,8774.4482
6582881,2.4282,3710.9375,9010.9336
6582919,2.3754,3745.1172,8896.2344
6582956,2.481,3779.2969,9376.4229
6582993,2.4282,3759.7656,9129.499
6583030,2.4018,3750,9006.8096
6583068,2.5338,3696.2891,9365.5967
6583106,2.5338,3764.6484,9538.8047
6583143,2.481,3769.5313,9352.1943
6583181,2.481,3779.2969,9376.4229
6583218,2.481,3730.4688,9255.2803
6583256,2.4018,3706.0547,8901.2607
6583292,2.481,3706.0547,9194.709
6583330,2.4546,3740.2344,9180.79
6583367,2.4018,3793.9453,9112.3584
6583405,2.2962,3769.5313,8655.7539
6583443,2.3754,3735.3516,8873.0371
6583480,2.3226,3715.8203,8630.4951
6583518,2.349,3754.8828,8820.3281
6583555,2.4018,3779.2969,9077.1748
6583592,2.4018,3759.7656,9030.2646
6583629,2.3754,3710.9375,8815.0439
6583667,2.5074,3676.7578,9219.0664
6583705,2.4018,3759.7656,9030.2646
6583742,2.5074,3750,9402.7139
6583780,2.3754,3750,8907.833
6583817,2.4018,3725.5859,8948.1719
6583855,2.4546,3706.0547,9096.8926
6583891,2.4282,3720.7031,9034.6465
6583929,2.4018,3769.5313,9053.7197
6583966,2.4282,3769.5313,9153.2119
6584004,2.5338,3725.5859,9439.8291
6584042,2.4282,3701.1719,8987.2207
6584079,2.481,3725.5859,9243.166
6584117,2.481,3779.2969,9376.4229
6584154,2.3754,3769.5313,8954.2285
6584192,2.4018,3740.2344,8983.3545
6584228,2.3754,3710.9375,8815.0439
6584266,2.4018,3735.3516,8971.627
6584304,2.3754,3769.5313,8954.2285
6584341,2.4282,3769.5313,9153.2119
6584379,2.3754,3715.8203,8826.6426
6584416,2.5074,3686.5234,9243.5527
6584454,2.5338,3710.9375,9402.7129
6584491,2.4282,3750,9105.7861
6584528,2.4546,3745.1172,9192.7754
6584565,2.4282,3740.2344,9082.0732
6584603,2.4282,3701.1719,8987.2207
6584641,2.4546,3691.4063,9060.9365
6584678,2.4018,3750,9006.8096
6584716,2.3754,3784.1797,8989.0244
6584753,2.4282,3745.1172,9093.9297
6584791,2.5074,3720.7031,9329.2549
6584827,2.4018,3696.2891,8877.8057
6584865,2.4282,3745.1172,9093.9297
6584903,2.4282,3720.7031,9034.6465
6584940,2.4546,3745.1172,9192.7754
6584978,2.5866,3710.9375,9598.6035
6585015,2.481,3666.9922,9097.7949
6585053,2.4546,3720.7031,9132.8486
6585090,2.5074,3745.1172,9390.4707
6585127,2.481,3784.1797,9388.5371
6585164,2.3754,3735.3516,8873.0371
6585202,2.4282,3701.1719,8987.2207
6585240,2.3754,3730.4688,8861.4385
6585277,2.4546,3769.5313,9252.7021
6585315,2.3754,3779.2969,8977.4258
6585352,2.3226,3740.2344,8687.2002
6585390,2.4282,3701.1719,8987.2207
6585426,2.481,3706.0547,9194.709
6585464,2.4546,3735.3516,9168.8047
6585502,2.481,3691.4063,9158.3662
6585539,2.4546,3750,9204.7607
6585577,2.5338,3681.6406,9328.4805
6585614,2.481,3691.4063,9158.3662
6585652,2.4018,3730.4688,8959.8994
6585689,2.5866,3774.4141,9762.79
6585726,2.4546,3769.5313,9252.7021
6585763,2.4018,3725.5859,8948.1719
6585801,2.4282,3710.9375,9010.9336
6585839,2.5074,3720.7031,9329.2549
6585876,2.5074,3750,9402.7139
6585914,2.4546,3759.7656,9228.7314
6585951,2.4282,3745.1172,9093.9297
6585989,2.4546,3715.8203,9120.8633
6586025,2.481,3686.5234,9146.252
6586063,2.4546,3750,9204.7607
6586101,2.4546,3735.3516,9168.8047
6586138,2.4018,3784.1797,9088.9033
6586176,2.481,3745.1172,9291.623
6586213,2.4018,3686.5234,8854.3506
6586251,2.613,3715.8203,9709.3066
6586288,2.5338,3740.2344,9476.9443
6586326,2.481,3754.8828,9315.8516
6586362,2.4282,3750,9105.7861
6586400,2.4018,3710.9375,8912.9883
6586438,2.4018,3701.1719,8889.5332
6586475,2.4018,3745.1172,8995.082
6586513,2.4018,3774.4141,9065.4473
6586550,2.4282,3750,9105.7861
6586588,2.481,3725.5859,9243.166
6586625,2.4546,3706.0547,9096.8926
6586662,2.4282,3720.7031,9034.6465
6586700,2.4282,3730.4688,9058.3594
6586737,2.4018,3759.7656,9030.2646
6586775,2.349,3750,8808.8584
6586812,2.4018,3691.4063,8866.0781
6586850,2.5338,3715.8203,9415.085
6586887,2.4546,3745.1172,9192.7754
6586925,2.3754,3779.2969,8977.4258
6586961,2.3754,3774.4141,8965.8271
6586999,2.5338,3730.4688,9452.2012
6587037,2.4018,3691.4063,8866.0781
6587074,2.481,3725.5859,9243.166
6587112,2.4018,3759.7656,9030.2646
6587149,2.4546,3754.8828,9216.7461
6587187,2.4546,3735.3516,9168.8047
6587224,2.4018,3686.5234,8854.3506
6587261,2.481,3720.7031,9231.0518
6587299,2.4546,3754.8828,9216.7461
6587336,2.3754,3774.4141,8965.8271
6587374,2.4546,3740.2344,9180.79
6587411,2.3754,3706.0547,8803.4443
6587449,2.4546,3706.0547,9096.8926
6587486,2.481,3740.2344,9279.5088
6587524,2.4282,3784.1797,9188.7813
6587560,2.4018,3769.5313,9053.7197
6587598,2.4282,3696.2891,8975.3643
6587636,2.4546,3701.1719,9084.9072
6587673,2.4546,3754.8828,9216.7461
6587711,2.481,3754.8828,9315.8516
6587748,2.3754,3750,8907.833
6587786,2.4018,3691.4063,8866.0781
6587823,2.4282,3686.5234,8951.6514
6587860,2.4546,3745.1172,9192.7754
6587898,2.5338,3701.1719,9377.9688
6587935,2.5338,3735.3516,9464.5732
6587973,2.5338,3706.0547,9390.3408
6588010,2.4282,3706.0547,8999.0771
6588048,2.3754,3750,8907.833
6588085,2.3226,3774.4141,8766.5869
6588123,2.3754,3735.3516,8873.0371
6588160,2.349,3730.4688,8762.9785
6588197,2.4282,3715.8203,9022.79
6588235,2.4546,3750,9204.7607
6588272,2.5338,3735.3516,9464.5732
6588310,2.5602,3720.7031,9525.6602
6588347,2.5074,3691.4063,9255.7959
6588385,2.613,3681.6406,9619.9971
6588422,2.4546,3740.2344,9180.79
6588460,2.4282,3779.2969,9176.9248
6588497,2.3754,3706.0547,8803.4443
6588534,2.4546,3696.2891,9072.9219
6588572,2.349,3735.3516,8774.4482
6588609,2.3754,3769.5313,8954.2285
6588647,2.4018,3774.4141,9065.4473
6588684,2.3226,3759.7656,8732.5635
6588722,2.349,3715.8203,8728.5693
6588759,2.4546,3735.3516,9168.8047
6588796,2.5074,3745.1172,9390.4707
6588834,2.5338,3745.1172,9489.3164
6588871,2.6394,3701.1719,9768.7178
6588909,2.5338,3662.1094,9278.9932
6588946,2.5602,3671.875,9400.6514
6588984,2.481,3745.1172,9291.623
6589021,2.4282,3774.4141,9165.0684
6589059,2.2962,3754.8828,8622.1182
6589096,2.349,3779.2969,8877.6777
6589133,2.2962,3745.1172,8599.6934
6589171,2.3226,3779.2969,8777.9277
6589208,2.4282,3759.7656,9129.499
6589246,2.4282,3725.5859,9046.5029
6589283,2.5074,3681.6406,9231.3096
6589321,2.613,3710.9375,9696.5488
6589358,2.5602,3745.1172,9588.1641
6589395,2.613,3735.3516,9760.3418
6589433,2.5074,3696.2891,9268.0391
6589470,2.481,3662.1094,9085.6807
6589508,2.3754,3720.7031,8838.2412
6589545,2.3754,3769.5313,8954.2285
6589583,2.3226,3754.8828,8721.2227
6589620,2.3226,3735.3516,8675.8594
6589658,2.349,3710.9375,8717.0996
6589696,2.349,3789.0625,8900.6172
6589732,2.349,3774.4141,8866.207
6589770,2.481,3750,9303.7373
6589807,2.5602,3691.4063,9450.6543
6589845,2.481,3706.0547,9194.709
6589882,2.5074,3706.0547,9292.5254
6589920,2.5602,3754.8828,9613.166
6589957,2.4282,3740.2344,9082.0732
6589995,2.4546,3686.5234,9048.9512
6590032,2.4282,3706.0547,8999.0771
6590069,2.4546,3750,9204.7607
6590107,2.3226,3740.2344,8687.2002
6590144,2.3754,3754.8828,8919.4326
6590182,2.3754,3715.8203,8826.6426
6590219,2.349,3710.9375,8717.0996
6590257,2.4546,3740.2344,9180.79
6590295,2.481,3715.8203,9218.9375
6590331,2.481,3759.7656,9327.9658
6590369,2.5866,3720.7031,9623.8623
6590406,2.5074,3701.1719,9280.2822
6590444,2.4546,3720.7031,9132.8486
6590481,2.481,3750,9303.7373
6590519,2.5074,3764.6484,9439.4424
6590556,2.4546,3720.7031,9132.8486
6590594,2.4018,3686.5234,8854.3506
6590631,2.4018,3720.7031,8936.4443
6590668,2.5074,3754.8828,9414.957
6590706,2.481,3759.7656,9327.9658
6590743,2.5074,3720.7031,9329.2549
6590781,2.481,3691.4063,9158.3662
6590818,2.4546,3720.7031,9132.8486
6590856,2.3754,3774.4141,8965.8271
6590894,2.5338,3701.1719,9377.9688
6590930,2.5074,3745.1172,9390.4707
6590968,2.4282,3696.2891,8975.3643
6591005,2.481,3715.8203,9218.9375
6591043,2.5074,3750,9402.7139
6591080,2.3754,3740.2344,8884.6357
6591118,2.4282,3740.2344,9082.0732
6591155,2.5338,3691.4063,9353.2246
6591193,2.5074,3696.2891,9268.0391
6591230,2.4546,3735.3516,9168.8047
6591267,2.5338,3754.8828,9514.0605
6591305,2.5074,3725.5859,9341.498
6591342,2.5338,3706.0547,9390.3408
6591380,2.4282,3686.5234,8951.6514
6591417,2.4282,3720.7031,9034.6465
6591455,2.4282,3784.1797,9188.7813
6591493,2.4018,3715.8203,8924.7158
6591529,2.4018,3725.5859,8948.1719
6591567,2.3226,3686.5234,8562.4492
6591604,2.349,3740.2344,8785.918
6591642,2.4282,3759.7656,9129.499
6591679,2.481,3759.7656,9327.9658
6591717,2.5602,3696.2891,9463.1553
6591754,2.613,3676.7578,9607.2383
6591792,2.5338,3706.0547,9390.3408
6591830,2.5866,3735.3516,9661.752
6591866,2.5602,3740.2344,9575.6631
6591904,2.4546,3725.5859,9144.834
6591941,2.4282,3696.2891,8975.3643
6591979,2.3226,3725.5859,8653.1768
6592016,2.481,3754.8828,9315.8516
6592054,2.349,3774.4141,8866.207
6592092,2.4546,3706.0547,9096.8926
6592129,2.4018,3715.8203,8924.7158
6592166,2.4282,3701.1719,8987.2207
6592203,2.481,3764.6484,9340.0801
6592241,2.5074,3764.6484,9439.4424
6592278,2.4546,3715.8203,9120.8633
6592316,2.5866,3671.875,9497.5654
6592353,2.5074,3725.5859,9341.498
6592391,2.5074,3750,9402.7139
6592429,2.5338,3750,9501.6885
6592465,2.481,3715.8203,9218.9375
6592503,2.481,3701.1719,9182.5947
6592540,2.4546,3720.7031,9132.8486
6592578,2.4018,3759.7656,9030.2646
6592615,2.4018,3754.8828,9018.5371
6592653,2.3226,3725.5859,8653.1768
6592691,2.4282,3774.4141,9165.0684
6592728,2.3754,3730.4688,8861.4385
6592765,2.4546,3740.2344,9180.79
6592802,2.4546,3754.8828,9216.7461
6592840,2.4546,3725.5859,9144.834
6592877,2.481,3696.2891,9170.4805
6592915,2.4282,3710.9375,9010.9336
6592952,2.481,3759.7656,9327.9658
6592990,2.481,3725.5859,9243.166
6593028,2.481,3715.8203,9218.9375
6593064,2.4546,3686.5234,9048.9512
6593102,2.5074,3735.3516,9365.9844
6593139,2.5602,3759.7656,9625.667
6593177,2.4018,3754.8828,9018.5371
6593214,2.4018,3696.2891,8877.8057
6593252,2.4282,3681.6406,8939.7949
6593290,2.481,3759.7656,9327.9658
6593327,2.4546,3754.8828,9216.7461
6593364,2.349,3740.2344,8785.918
6593401,2.5074,3715.8203,9317.0117
6593439,2.4018,3701.1719,8889.5332
6593476,2.4282,3740.2344,9082.0732
6593514,2.5074,3759.7656,9427.2002
6593551,2.4018,3730.4688,8959.8994
6593589,2.5074,3676.7578,9219.0664
6593627,2.481,3696.2891,9170.4805
6593664,2.5074,3735.3516,9365.9844
6593701,2.5074,3759.7656,9427.2002
6593738,2.5074,3725.5859,9341.498
6593776,2.5866,3696.2891,9560.7139
6593813,2.4546,3710.9375,9108.8779
6593851,2.5338,3740.2344,9476.9443
6593889,2.5074,3686.5234,9243.5527
6593926,2.4282,3740.2344,9082.0732
6593964,2.5074,3681.6406,9231.3096
6594000,2.5602,3720.7031,9525.6602
6594038,2.5338,3740.2344,9476.9443
6594075,2.5074,3774.4141,9463.9287
6594113,2.481,3706.0547,9194.709
6594150,2.5602,3701.1719,9475.6563
6594188,2.481,3740.2344,9279.5088
6594226,2.481,3759.7656,9327.9658
6594263,2.4546,3740.2344,9180.79
6594300,2.4282,3701.1719,8987.2207
6594337,2.481,3706.0547,9194.709
6594375,2.5338,3735.3516,9464.5732
6594412,2.5074,3774.4141,9463.9287
6594450,2.4546,3740.2344,9180.79
6594488,2.5074,3745.1172,9390.4707
6594525,2.4546,3706.0547,9096.8926
6594563,2.481,3769.5313,9352.1943
6594599,2.4018,3774.4141,9065.4473
6594637,2.4018,3735.3516,8971.627
6594674,2.481,3666.9922,9097.7949
6594712,2.4546,3730.4688,9156.8193
6594749,2.481,3754.8828,9315.8516
6594787,2.4018,3764.6484,9041.9922
6594825,2.4546,3706.0547,9096.8926
6594862,2.4018,3686.5234,8854.3506
6594899,2.4546,3740.2344,9180.79
6594936,2.5338,3769.5313,9551.1768
6594974,2.481,3725.5859,9243.166
6595011,2.481,3681.6406,9134.1377
6595049,2.5338,3691.4063,9353.2246
6595087,2.5074,3745.1172,9390.4707
6595124,2.5338,3735.3516,9464.5732
6595162,2.4546,3735.3516,9168.8047
6595198,2.5074,3686.5234,9243.5527
6595236,2.4546,3735.3516,9168.8047
6595273,2.3754,3759.7656,8931.0313
6595311,2.4282,3754.8828,9117.6426
6595348,2.4282,3730.4688,9058.3594
6595386,2.481,3691.4063,9158.3662
6595424,2.4282,3710.9375,9010.9336
6595461,2.4018,3764.6484,9041.9922
6595499,2.4546,3740.2344,9180.79
6595535,2.4018,3706.0547,8901.2607
6595573,2.5074,3691.4063,9255.7959
6595610,2.5074,3730.4688,9353.7412
6595648,2.5866,3740.2344,9674.3818
6595686,2.5074,3676.7578,9219.0664
6595723,2.481,3715.8203,9218.9375
6595761,2.4282,3710.9375,9010.9336
6595798,2.3754,3735.3516,8873.0371
6595835,2.481,3774.4141,9364.3086
6595872,2.3754,3745.1172,8896.2344
6595910,2.4018,3715.8203,8924.7158
6595947,2.4282,3706.0547,8999.0771
6595985,2.5074,3720.7031,9329.2549
6596023,2.4282,3754.8828,9117.6426
6596060,2.5602,3745.1172,9588.1641
6596098,2.4282,3706.0547,8999.0771
6596134,2.4546,3701.1719,9084.9072
6596172,2.4546,3720.7031,9132.8486
6596209,2.5074,3769.5313,9451.6855
6596247,2.481,3750,9303.7373
6596285,2.5602,3725.5859,9538.1602
6596322,2.4282,3681.6406,8939.7949
6596360,2.5338,3740.2344,9476.9443
6596397,2.4282,3750,9105.7861
6596434,2.4018,3754.8828,9018.5371
6596471,2.481,3715.8203,9218.9375
6596509,2.349,3696.2891,8682.6895
6596546,2.4282,3750,9105.7861
6596584,2.4546,3745.1172,9192.7754
6596622,2.5602,3745.1172,9588.1641
6596659,2.4546,3696.2891,9072.9219
6596697,2.5074,3701.1719,9280.2822
6596733,2.481,3725.5859,9243.166
6596771,2.5602,3740.2344,9575.6631
6596808,2.5074,3750,9402.7139
6596846,2.4282,3730.4688,9058.3594
6596884,2.4018,3754.8828,9018.5371
6596921,2.4282,3750,9105.7861
6596959,2.4546,3750,9204.7607
6596996,2.4018,3730.4688,8959.8994
6597033,2.5338,3691.4063,9353.2246
6597070,2.5074,3715.8203,9317.0117
6597108,2.4546,3754.8828,9216.7461
6597145,2.5338,3730.4688,9452.2012
6597183,2.5602,3701.1719,9475.6563
6597221,2.5338,3681.6406,9328.4805
6597258,2.4282,3735.3516,9070.2168
6597296,2.4282,3769.5313,9153.2119
6597332,2.4282,3759.7656,9129.499
6597370,2.4282,3696.2891,8975.3643
6597407,2.3226,3691.4063,8573.79
6597445,2.4018,3764.6484,9041.9922
6597483,2.5338,3701.1719,9377.9688
6597520,2.481,3745.1172,9291.623
6597558,2.5602,3686.5234,9438.1533
6597595,2.481,3715.8203,9218.9375
6597633,2.4546,3745.1172,9192.7754
6597669,2.5074,3750,9402.7139
6597707,2.5074,3715.8203,9317.0117
6597744,2.4546,3681.6406,9036.9658
6597782,2.5074,3735.3516,9365.9844
6597820,2.4282,3750,9105.7861
6597857,2.5074,3745.1172,9390.4707
6597895,2.5338,3696.2891,9365.5967
6597932,2.4546,3710.9375,9108.8779
6597969,2.4282,3730.4688,9058.3594
6598006,2.4282,3764.6484,9141.3555
6598044,2.5074,3730.4688,9353.7412
6598082,2.4546,3740.2344,9180.79
6598119,2.4018,3706.0547,8901.2607
6598157,2.4018,3740.2344,8983.3545
6598194,2.481,3754.8828,9315.8516
6598232,2.481,3715.8203,9218.9375
6598268,2.481,3691.4063,9158.3662
6598306,2.4546,3701.1719,9084.9072
6598343,2.4546,3769.5313,9252.7021
6598381,2.4282,3750,9105.7861
6598419,2.4018,3706.0547,8901.2607
6598456,2.4018,3701.1719,8889.5332
6598494,2.3754,3764.6484,8942.6299
6598531,2.4546,3784.1797,9288.6582
6598568,2.5074,3740.2344,9378.2275
6598605,2.481,3676.7578,9122.0234
6598643,2.5074,3715.8203,9317.0117
6598681,2.481,3735.3516,9267.3945
6598718,2.4546,3764.6484,9240.7168
6598756,2.4018,3730.4688,8959.8994
6598793,2.481,3696.2891,9170.4805
6598831,2.4018,3740.2344,8983.3545
6598867,2.3226,3774.4141,8766.5869
6598905,2.3226,3764.6484,8743.9053
6598942,2.3754,3706.0547,8803.4443
6598980,2.3754,3715.8203,8826.6426
6599018,2.4018,3759.7656,9030.2646
6599055,2.4546,3750,9204.7607
6599093,2.6658,3666.9922,9775.291
6599130,2.5602,3681.6406,9425.6533
6599168,2.5602,3715.8203,9513.1592
6599204,2.5866,3740.2344,9674.3818
6599242,2.4546,3710.9375,9108.8779
6599280,2.349,3745.1172,8797.3887
6599317,2.3754,3730.4688,8861.4385
6599355,2.349,3769.5313,8854.7373
6599392,2.3226,3740.2344,8687.2002
6599430,2.481,3701.1719,9182.5947
6599467,2.5338,3696.2891,9365.5967
6599504,2.4282,3720.7031,9034.6465
6599541,2.3754,3740.2344,8884.6357
6599579,2.481,3715.8203,9218.9375
6599617,2.4018,3691.4063,8866.0781
6599654,2.481,3750,9303.7373
6599692,2.349,3759.7656,8831.7979
6599729,2.4546,3740.2344,9180.79
6599767,2.3754,3681.6406,8745.4512
6599803,2.481,3725.5859,9243.166
6599841,2.5338,3745.1172,9489.3164
6599879,2.4282,3710.9375,9010.9336
6599916,2.4018,3706.0547,8901.2607
6599954,2.4018,3730.4688,8959.8994
6599991,2.4018,3759.7656,9030.2646
6600029,2.3754,3769.5313,8954.2285
6600066,2.3754,3706.0547,8803.4443
6600103,2.3754,3681.6406,8745.4512
6600140,2.5866,3745.1172,9687.0117
6600178,2.481,3740.2344,9279.5088
6600216,2.481,3740.2344,9279.5088
6600253,2.4282,3691.4063,8963.5078
6600291,2.481,3715.8203,9218.9375
6600328,2.5074,3754.8828,9414.957
6600366,2.4018,3754.8828,9018.5371
6600402,2.3226,3706.0547,8607.8125
6600440,2.4018,3720.7031,8936.4443
6600478,2.3754,3750,8907.833
6600515,2.481,3759.7656,9327.9658
6600553,2.4546,3706.0547,9096.8926
6600590,2.481,3686.5234,9146.252
6600628,2.5074,3740.2344,9378.2275
6600665,2.4018,3745.1172,8995.082
6600702,2.481,3745.1172,9291.623
6600739,2.5074,3681.6406,9231.3096
6600777,2.4282,3701.1719,8987.2207
6600815,2.4282,3725.5859,9046.5029
6600852,2.4282,3769.5313,9153.2119
6600890,2.5074,3725.5859,9341.498
6600927,2.4282,3696.2891,8975.3643
6600965,2.4546,3735.3516,9168.8047
6601001,2.4018,3779.2969,9077.1748
6601039,2.4018,3730.4688,8959.8994
6601077,2.3754,3740.2344,8884.6357
6601114,2.3754,3691.4063,8768.6484
6601152,2.3754,3754.8828,8919.4326
6601189,2.4546,3769.5313,9252.7021
6601227,2.4282,3720.7031,9034.6465
6601264,2.4546,3696.2891,9072.9219
6601302,2.4282,3720.7031,9034.6465
6601338,2.4018,3750,9006.8096
6601376,2.4546,3754.8828,9216.7461
6601414,2.4018,3710.9375,8912.9883
6601451,2.4546,3691.4063,9060.9365
6601489,2.4282,3750,9105.7861
6601526,2.5338,3759.7656,9526.4326
6601564,2.4018,3745.1172,8995.082
6601601,2.4282,3706.0547,8999.0771
6601638,2.3226,3715.8203,8630.4951
6601676,2.349,3740.2344,8785.918
6601713,2.349,3764.6484,8843.2676
6601751,2.3226,3745.1172,8698.541
6601788,2.4282,3681.6406,8939.7949
6601826,2.4282,3730.4688,9058.3594
6601863,2.5074,3764.6484,9439.4424
6601901,2.4282,3740.2344,9082.0732
6601937,2.4282,3710.9375,9010.9336
6601975,2.5602,3696.2891,9463.1553
6602013,2.5074,3750,9402.7139
6602050,2.481,3750,9303.7373
6602088,2.4546,3740.2344,9180.79
6602125,2.481,3676.7578,9122.0234
6602163,2.5338,3701.1719,9377.9688
6602200,2.4282,3759.7656,9129.499
6602237,2.481,3754.8828,9315.8516
6602275,2.4282,3725.5859,9046.5029
6602312,2.4546,3691.4063,9060.9365
6602350,2.4018,3720.7031,8936.4443
6602387,2.5338,3745.1172,9489.3164
6602425,2.4282,3740.2344,9082.0732
6602462,2.3754,3706.0547,8803.4443
6602500,2.349,3706.0547,8705.6289
6602536,2.4282,3750,9105.7861
6602574,2.4018,3754.8828,9018.5371
6602612,2.5338,3710.9375,9402.7129
6602649,2.481,3701.1719,9182.5947
6602687,2.481,3730.4688,9255.2803
6602724,2.5338,3759.7656,9526.4326
6602762,2.4282,3750,9105.7861
6602799,2.3754,3691.4063,8768.6484
6602836,2.3226,3706.0547,8607.8125
6602874,2.4018,3730.4688,8959.8994
6602911,2.4018,3769.5313,9053.7197
6602949,2.4018,3710.9375,8912.9883
6602986,2.3754,3696.2891,8780.2471
6603024,2.4546,3730.4688,9156.8193
6603061,2.349,3759.7656,8831.7979
6603099,2.4282,3745.1172,9093.9297
6603136,2.3226,3710.9375,8619.1543
6603173,2.2962,3750,8610.9053
6603211,2.4018,3784.1797,9088.9033
6603248,2.4282,3745.1172,9093.9297
6603286,2.481,3686.5234,9146.252
6603323,2.5074,3715.8203,9317.0117
6603361,2.481,3740.2344,9279.5088
6603398,2.4546,3725.5859,9144.834
6603436,2.613,3710.9375,9696.5488
6603473,2.5074,3754.8828,9414.957
6603510,2.5074,3750,9402.7139
6603548,2.4018,3779.2969,9077.1748
6603585,2.349,3725.5859,8751.5088
6603623,2.2698,3691.4063,8378.9307
6603660,2.2962,3706.0547,8509.9971
6603698,2.349,3789.0625,8900.6172
6603735,2.4282,3779.2969,9176.9248
6603772,2.4282,3706.0547,8999.0771
6603810,2.3754,3686.5234,8757.0498
6603847,2.5338,3750,9501.6885
6603885,2.4546,3759.7656,9228.7314
6603922,2.5338,3701.1719,9377.9688
6603960,2.4546,3662.1094,8989.0244
6603997,2.4546,3735.3516,9168.8047
6604035,2.4546,3759.7656,9228.7314
6604072,2.4282,3710.9375,9010.9336
6604109,2.5074,3696.2891,9268.0391
6604147,2.4282,3715.8203,9022.79
6604184,2.4018,3740.2344,8983.3545
6604222,2.349,3745.1172,8797.3887
6604259,2.3754,3710.9375,8815.0439
6604297,2.349,3706.0547,8705.6289
6604334,2.4018,3754.8828,9018.5371
6604371,2.4282,3764.6484,9141.3555
6604409,2.4282,3720.7031,9034.6465
6604446,2.481,3706.0547,9194.709
6604484,2.4282,3735.3516,9070.2168
6604521,2.4546,3754.8828,9216.7461
6604559,2.3754,3730.4688,8861.4385
6604596,2.4018,3671.875,8819.168
6604634,2.4546,3725.5859,9144.834
6604672,2.4546,3720.7031,9132.8486
6604708,2.4018,3754.8828,9018.5371
6604746,2.4018,3696.2891,8877.8057
6604783,2.5866,3730.4688,9649.1221
6604821,2.4546,3764.6484,9240.7168
6604858,2.481,3754.8828,9315.8516
6604896,2.4018,3725.5859,8948.1719
6604933,2.4282,3725.5859,9046.5029
6604971,2.4282,3754.8828,9117.6426
6605008,2.349,3759.7656,8831.7979
6605045,2.481,3720.7031,9231.0518
6605083,2.2962,3706.0547,8509.9971
6605120,2.4018,3730.4688,8959.8994
6605158,2.5338,3769.5313,9551.1768
6605195,2.4546,3730.4688,9156.8193
6605233,2.481,3691.4063,9158.3662
6605271,2.5338,3750,9501.6885
6605307,2.481,3740.2344,9279.5088
6605345,2.481,3750,9303.7373
6605382,2.481,3715.8203,9218.9375
6605420,2.3754,3710.9375,8815.0439
6605457,2.4546,3779.2969,9276.6729
6605495,2.3226,3774.4141,8766.5869
6605532,2.2962,3720.7031,8543.6328
6605570,2.349,3710.9375,8717.0996
6605607,2.4282,3774.4141,9165.0684
6605644,2.481,3764.6484,9340.0801
6605682,2.4546,3720.7031,9132.8486
6605719,2.5074,3676.7578,9219.0664
6605757,2.5074,3735.3516,9365.9844
6605794,2.5602,3769.5313,9650.668
6605832,2.4546,3745.1172,9192.7754
6605870,2.349,3740.2344,8785.918
6605906,2.349,3735.3516,8774.4482
6605944,2.3754,3774.4141,8965.8271
6605981,2.349,3779.2969,8877.6777
6606019,2.4282,3710.9375,9010.9336
6606056,2.4546,3706.0547,9096.8926
6606094,2.3754,3745.1172,8896.2344
6606131,2.4282,3764.6484,9141.3555
6606169,2.4282,3725.5859,9046.5029
6606206,2.3754,3681.6406,8745.4512
6606243,2.4546,3720.7031,9132.8486
6606281,2.5074,3745.1172,9390.4707
6606318,2.481,3740.2344,9279.5088
6606356,2.5602,3701.1719,9475.6563
6606393,2.481,3691.4063,9158.3662
6606431,2.5074,3735.3516,9365.9844
6606469,2.4282,3730.4688,9058.3594
6606505,2.2962,3764.6484,8644.542
6606543,2.2698,3715.8203,8434.3467
6606580,2.349,3750,8808.8584
6606618,2.2698,3779.2969,8578.4287
6606655,2.4282,3754.8828,9117.6426
6606693,2.4282,3725.5859,9046.5029
6606730,2.5074,3691.4063,9255.7959
6606768,2.481,3735.3516,9267.3945
6606806,2.481,3750,9303.7373
6606842,2.5338,3710.9375,9402.7129
6606880,2.481,3686.5234,9146.252
6606917,2.4018,3710.9375,8912.9883
6606955,2.4282,3764.6484,9141.3555
6606992,2.349,3750,8808.8584
6607030,2.3754,3715.8203,8826.6426
6607068,2.3754,3764.6484,8942.6299
6607105,2.3754,3769.5313,8954.2285
6607142,2.349,3750,8808.8584
6607179,2.4018,3720.7031,8936.4443
6607217,2.481,3671.875,9109.9092
6607254,2.5338,3725.5859,9439.8291
6607292,2.4018,3750,9006.8096
6607329,2.4282,3740.2344,9082.0732
6607367,2.4282,3706.0547,8999.0771
6607405,2.4018,3691.4063,8866.0781
6607441,2.5074,3730.4688,9353.7412
6607479,2.481,3745.1172,9291.623
6607516,2.4018,3710.9375,8912.9883
6607554,2.4282,3676.7578,8927.9385
6607591,2.349,3745.1172,8797.3887
6607629,2.4018,3779.2969,9077.1748
6607667,2.4282,3686.5234,8951.6514
6607704,2.4546,3676.7578,9024.9805
6607741,2.5338,3710.9375,9402.7129
6607778,2.4546,3769.5313,9252.7021
6607816,2.4018,3754.8828,9018.5371
6607853,2.4018,3706.0547,8901.2607
6607891,2.481,3696.2891,9170.4805
6607928,2.5602,3730.4688,9550.6611
6607966,2.4546,3759.7656,9228.7314
6608004,2.3754,3715.8203,8826.6426
6608040,2.4546,3715.8203,9120.8633
6608078,2.3754,3745.1172,8896.2344
6608115,2.349,3774.4141,8866.207
6608153,2.2698,3745.1172,8500.8467
6608190,2.5074,3691.4063,9255.7959
6608228,2.4018,3735.3516,8971.627
6608266,2.481,3710.9375,9206.8232
6608303,2.481,3735.3516,9267.3945
6608340,2.5074,3681.6406,9231.3096
6608377,2.5074,3706.0547,9292.5254
6608415,2.4282,3764.6484,9141.3555
6608452,2.4282,3769.5313,9153.2119
6608490,2.4282,3706.0547,8999.0771
6608527,2.4018,3725.5859,8948.1719
6608565,2.2962,3759.7656,8633.3301
6608603,2.3754,3750,8907.833
6608640,2.481,3735.3516,9267.3945
6608677,2.3226,3706.0547,8607.8125
6608714,2.481,3740.2344,9279.5088
6608752,2.481,3759.7656,9327.9658
6608789,2.4282,3735.3516,9070.2168
6608827,2.5074,3686.5234,9243.5527
6608865,2.3754,3750,8907.833
6608902,2.5074,3769.5313,9451.6855
6608940,2.4282,3735.3516,9070.2168
6608976,2.4018,3686.5234,8854.3506
6609014,2.2962,3730.4688,8566.0576
6609051,2.3754,3789.0625,9000.623
6609089,2.3754,3750,8907.833
6609126,2.4282,3701.1719,8987.2207
6609164,2.2962,3735.3516,8577.2695
6609202,2.3754,3784.1797,8989.0244
6609239,2.4546,3754.8828,9216.7461
6609276,2.3754,3686.5234,8757.0498
6609313,2.4546,3715.8203,9120.8633
6609351,2.4282,3759.7656,9129.499
6609388,2.4546,3735.3516,9168.8047
6609426,2.4282,3671.875,8916.082
6609464,2.4018,3759.7656,9030.2646
6609501,2.3754,3779.2969,8977.4258
6609539,2.4018,3725.5859,8948.1719
6609575,2.2962,3706.0547,8509.9971
6609613,2.349,3740.2344,8785.918
6609650,2.4018,3784.1797,9088.9033
6609688,2.3754,3710.9375,8815.0439
6609725,2.3754,3686.5234,8757.0498
6609763,2.349,3750,8808.8584
6609801,2.4282,3745.1172,9093.9297
6609838,2.3754,3720.7031,8838.2412
6609875,2.4018,3681.6406,8842.623
6609912,2.4546,3750,9204.7607
6609950,2.4282,3745.1172,9093.9297
6609987,2.4282,3715.8203,9022.79
6610025,2.4546,3706.0547,9096.8926
6610063,2.4018,3735.3516,8971.627
6610100,2.4546,3774.4141,9264.6875
6610138,2.4282,3715.8203,9022.79
6610174,2.4018,3715.8203,8924.7158
6610212,2.4546,3754.8828,9216.7461
6610249,2.4282,3754.8828,9117.6426
6610287,2.4282,3706.0547,8999.0771
6610324,2.4282,3706.0547,8999.0771
6610362,2.4018,3750,9006.8096
6610400,2.4018,3750,9006.8096
6610437,2.4018,3696.2891,8877.8057
6610475,2.349,3715.8203,8728.5693
6610511,2.4018,3745.1172,8995.082
6610549,2.349,3750,8808.8584
6610586,2.5074,3671.875,9206.8232
6610624,2.3754,3735.3516,8873.0371
6610662,2.4546,3720.7031,9132.8486
6610699,2.5074,3759.7656,9427.2002
6610737,2.349,3681.6406,8648.2803
6610774,2.481,3725.5859,9243.166
6610811,2.481,3774.4141,9364.3086
6610848,2.4282,3764.6484,9141.3555
6610886,2.4282,3676.7578,8927.9385
6610923,2.4282,3720.7031,9034.6465
6610961,2.481,3754.8828,9315.8516
6610999,2.4018,3735.3516,8971.627
6611036,2.3754,3662.1094,8699.0557
6611074,2.4282,3730.4688,9058.3594
6611110,2.4546,3769.5313,9252.7021
6611148,2.4282,3754.8828,9117.6426
6611185,2.4018,3691.4063,8866.0781
6611223,2.4546,3710.9375,9108.8779
6611261,2.349,3715.8203,8728.5693
6611298,2.4018,3745.1172,8995.082
6611336,2.349,3691.4063,8671.2197
6611373,2.3754,3740.2344,8884.6357
6611410,2.4018,3784.1797,9088.9033
6611447,2.3754,3740.2344,8884.6357
6611485,2.5074,3691.4063,9255.7959
6611522,2.3754,3715.8203,8826.6426
6611560,2.4282,3769.5313,9153.2119
6611598,2.4546,3750,9204.7607
6611635,2.4546,3662.1094,8989.0244
6611673,2.4018,3710.9375,8912.9883
6611709,2.4018,3754.8828,9018.5371
6611747,2.3754,3759.7656,8931.0313
6611784,2.4546,3691.4063,9060.9365
6611822,2.5338,3706.0547,9390.3408
6611860,2.4018,3725.5859,8948.1719
6611897,2.4546,3750,9204.7607
6611935,2.4546,3686.5234,9048.9512
6611972,2.3754,3710.9375,8815.0439
6612009,2.349,3774.4141,8866.207
6612046,2.4282,3745.1172,9093.9297
6612084,2.5074,3701.1719,9280.2822
6612121,2.3754,3676.7578,8733.8525
6612159,2.4282,3769.5313,9153.2119
6612197,2.4018,3759.7656,9030.2646
6612234,2.5074,3725.5859,9341.498
6612272,2.4282,3686.5234,8951.6514
6612308,2.3754,3730.4688,8861.4385
6612346,2.4018,3774.4141,9065.4473
6612383,2.3226,3715.8203,8630.4951
6612421,2.4018,3691.4063,8866.0781
6612459,2.349,3745.1172,8797.3887
6612496,2.3754,3754.8828,8919.4326
6612534,2.4018,3701.1719,8889.5332
6612571,2.4282,3681.6406,8939.7949
6612609,2.3754,3740.2344,8884.6357
6612645,2.4018,3754.8828,9018.5371
6612683,2.4018,3720.7031,8936.4443
6612720,2.481,3701.1719,9182.5947
6612758,2.4018,3754.8828,9018.5371
6612796,2.4282,3759.7656,9129.499
6612833,2.3754,3725.5859,8849.8398
6612871,2.4546,3710.9375,9108.8779
6612908,2.4546,3764.6484,9240.7168
6612945,2.4282,3769.5313,9153.2119
6612982,2.4282,3720.7031,9034.6465
6613020,2.5074,3706.0547,9292.5254
6613058,2.4018,3750,9006.8096
6613095,2.4546,3759.7656,9228.7314
6613133,2.4018,3725.5859,8948.1719
6613170,2.4546,3686.5234,9048.9512
6613208,2.481,3759.7656,9327.9658
6613244,2.3754,3750,8907.833
6613282,2.4546,3696.2891,9072.9219
6613319,2.4282,3696.2891,8975.3643
6613357,2.4282,3745.1172,9093.9297
6613395,2.5074,3774.4141,9463.9287
6613432,2.349,3725.5859,8751.5088
6613470,2.4282,3696.2891,8975.3643
6613507,2.3226,3740.2344,8687.2002
6613544,2.4018,3764.6484,9041.9922
6613581,2.481,3740.2344,9279.5088
6613619,2.481,3701.1719,9182.5947
6613657,2.5074,3745.1172,9390.4707
6613694,2.5074,3754.8828,9414.957
6613732,2.481,3720.7031,9231.0518
6613769,2.4282,3686.5234,8951.6514
6613807,2.4282,3735.3516,9070.2168
6613843,2.5074,3750,9402.7139
6613881,2.5602,3730.4688,9550.6611
6613918,2.481,3676.7578,9122.0234
6613956,2.4546,3715.8203,9120.8633
6613994,2.5074,3769.5313,9451.6855
6614031,2.481,3745.1172,9291.623
6614069,2.349,3696.2891,8682.6895
6614106,2.4018,3720.7031,8936.4443
6614144,2.4282,3750,9105.7861
6614180,2.4018,3720.7031,8936.4443
6614218,2.481,3676.7578,9122.0234
6614256,2.5338,3730.4688,9452.2012
6614293,2.4018,3774.4141,9065.4473
6614331,2.4282,3750,9105.7861
6614368,2.4546,3662.1094,8989.0244
6614406,2.4282,3745.1172,9093.9297
6614443,2.4282,3769.5313,9153.2119
6614480,2.3754,3745.1172,8896.2344
6614517,2.4282,3696.2891,8975.3643
6614555,2.4282,3740.2344,9082.0732
6614593,2.4018,3759.7656,9030.2646
6614630,2.3754,3750,8907.833
6614668,2.4546,3691.4063,9060.9365
6614705,2.3754,3720.7031,8838.2412
6614743,2.4282,3759.7656,9129.499
6614779,2.5074,3725.5859,9341.498
6614817,2.4282,3686.5234,8951.6514
6614855,2.5074,3754.8828,9414.957
6614892,2.349,3774.4141,8866.207
6614930,2.4282,3710.9375,9010.9336
6614967,2.4282,3686.5234,8951.6514
6615005,2.4282,3715.8203,9022.79
6615042,2.4018,3754.8828,9018.5371
6615079,2.4546,3730.4688,9156.8193
6615116,2.4018,3691.4063,8866.0781
6615154,2.4546,3735.3516,9168.8047
6615192,2.4282,3774.4141,9165.0684
6615229,2.4546,3710.9375,9108.8779
6615267,2.4546,3676.7578,9024.9805
6615304,2.5338,3720.7031,9427.457
6615342,2.4546,3750,9204.7607
6615378,2.4546,3720.7031,9132.8486
6615416,2.481,3671.875,9109.9092
6615454,2.4546,3745.1172,9192.7754
6615491,2.349,3764.6484,8843.2676
6615529,2.3226,3745.1172,8698.541
6615566,2.4018,3696.2891,8877.8057
6615604,2.349,3740.2344,8785.918
6615641,2.3226,3769.5313,8755.2461
6615678,2.349,3720.7031,8740.0391
6615715,2.481,3691.4063,9158.3662
6615753,2.4282,3740.2344,9082.0732
6615791,2.5074,3735.3516,9365.9844
6615828,2.481,3701.1719,9182.5947
6615866,2.5074,3691.4063,9255.7959
6615903,2.5074,3720.7031,9329.2549
6615941,2.4546,3750,9204.7607
6615977,2.4546,3710.9375,9108.8779
6616015,2.349,3710.9375,8717.0996
6616053,2.349,3725.5859,8751.5088
6616090,2.349,3759.7656,8831.7979
6616128,2.3754,3730.4688,8861.4385
6616165,2.4018,3696.2891,8877.8057
6616203,2.4018,3759.7656,9030.2646
6616240,2.4018,3725.5859,8948.1719
6616278,2.4282,3696.2891,8975.3643
6616314,2.481,3720.7031,9231.0518
6616352,2.5074,3745.1172,9390.4707
6616390,2.481,3720.7031,9231.0518
6616427,2.481,3686.5234,9146.252
6616465,2.481,3706.0547,9194.709
6616502,2.3754,3759.7656,8931.0313
6616540,2.3226,3735.3516,8675.8594
6616577,2.3226,3701.1719,8596.4717
6616614,2.4018,3730.4688,8959.8994
6616652,2.4546,3696.2891,9072.9219
6616689,2.481,3740.2344,9279.5088
6616727,2.4282,3691.4063,8963.5078
6616764,2.4282,3764.6484,9141.3555
6616802,2.4018,3750,9006.8096
6616839,2.5338,3715.8203,9415.085
6616877,2.4018,3657.2266,8783.9854
6616913,2.4282,3730.4688,9058.3594
6616951,2.3754,3769.5313,8954.2285
6616989,2.349,3715.8203,8728.5693
6617026,2.3754,3710.9375,8815.0439
6617064,2.3754,3745.1172,8896.2344
6617101,2.4018,3764.6484,9041.9922
6617139,2.4546,3696.2891,9072.9219
6617176,2.5074,3691.4063,9255.7959
6617213,2.481,3735.3516,9267.3945
6617251,2.4546,3691.4063,9060.9365
6617288,2.481,3710.9375,9206.8232
6617326,2.4282,3720.7031,9034.6465
6617363,2.1379,3803.7109,8131.8779
6617401,2.1643,3789.0625,8200.5684
6617438,2.1379,3745.1172,8006.6113
6617476,2.1115,3759.7656,7938.6943
6617512,2.1379,3818.3594,8163.1943
6617550,2.1379,3793.9453,8111
6617588,2.0323,3764.6484,7650.9165
6617625,2.0587,3759.7656,7740.2271
6617663,2.1643,3818.3594,8263.9746
6617700,1.9795,3779.2969,7481.188
6617738,1.9795,3754.8828,7432.8604
6617775,1.9003,3779.2969,7181.9409
6617812,2.0323,3833.0078,7789.8438
6617850,1.9531,3774.4141,7371.9023
6617887,1.8212,3779.2969,6882.6934
6617925,1.8212,3818.3594,6953.8325
6617962,1.5572,3886.7188,6052.481
6618000,1.61,3852.5391,6202.6206
6618037,1.6628,3813.4766,6341.0322
6618075,1.478,3881.8359,5737.5112
6618112,1.4516,3920.8984,5691.7603
6618149,1.4516,3867.1875,5613.791
6618187,1.2933,3881.8359,5020.3223
6618224,1.2933,3916.0156,5064.5264
6618262,1.2405,3955.0781,4906.2676
6618299,1.0557,3930.6641,4149.772
6618337,1.1085,3925.7813,4351.8477
6618374,1.1085,3950.1953,4378.9116
6618412,0.1848,4086.9141,755.0781
6618447,0.1848,4077.1484,753.2739
6618484,0.132,4082.0313,538.6971
6618521,0.1848,4077.1484,753.2739
6618557,0.1848,4086.9141,755.0781
6618594,0.2375,4072.2656,967.335
6618630,0.132,4106.4453,541.9189
6618667,0.1848,4077.1484,753.2739
6618702,0.1848,4082.0313,754.176
6618739,0.132,4086.9141,539.3415
6618775,0.1584,4101.5625,649.5295
6618812,0.1584,4082.0313,646.4365
6618849,0.1848,4086.9141,755.0781
6618885,0.2903,4086.9141,1186.5513
6618923,0.1584,4082.0313,646.4365
6618958,0.1848,4086.9141,755.0781
6618995,0.1584,4086.9141,647.2098
6619031,0.2903,4077.1484,1183.7161
6619069,0.1056,4067.3828,429.4112
6619105,0.1848,4082.0313,754.176
6619142,0.2903,4091.7969,1187.9689
6619179,0.3167,4077.1484,1291.3265
6619216,0.1848,4086.9141,755.0781
6619253,0.2903,4086.9141,1186.5513
6619290,0.1584,4082.0313,646.4365
6619327,0.2111,4096.6797,865.0084
6619363,0.2375,4091.7969,971.9745
6619400,0.2111,4101.5625,866.0394
6619436,0.2111,4082.0313,861.9154
6619472,0.1848,4077.1484,753.2739
6619508,0.1848,4086.9141,755.0781
6619545,0.1584,4091.7969,647.983
6619582,0.1584,4086.9141,647.2098
6619618,0.1584,4082.0313,646.4365
6619655,0.2375,4096.6797,973.1344
6619691,0.2375,4086.9141,970.8147
6619727,0.2375,4091.7969,971.9745
6619763,0.1848,4082.0313,754.176
6619800,0.1584,4091.7969,647.983
6619836,0.1848,4086.9141,755.0781
6619873,0.1848,4086.9141,755.0781
6619909,0.1848,4091.7969,755.9802
6619945,0.132,4086.9141,539.3415
6619982,0.1584,4096.6797,648.7563
6620018,0.1848,4086.9141,755.0781
6620055,0.1848,4091.7969,755.9802
6620091,0.1848,4082.0313,754.176
6620128,0.1848,4062.5,750.5675
6620164,0.1584,4086.9141,647.2098
6620200,0.2111,4086.9141,862.9464
6620236,0.1848,4086.9141,755.0781
6620273,0.1848,4072.2656,752.3717
6620309,0.1848,4096.6797,756.8823
6620346,0.2903,4111.3281,1193.6394
6620384,0.1584,4072.2656,644.89
6620420,0.1848,4091.7969,755.9802
6620456,0.1848,4091.7969,755.9802
6620492,0.1848,4086.9141,755.0781
6620529,0.2111,4082.0313,861.9154
6620565,0.1848,4086.9141,755.0781
6620602,0.1056,4101.5625,433.0197
6620638,0.1584,4091.7969,647.983
6620675,0.1584,4091.7969,647.983
6620710,0.1848,4062.5,750.5675
6620747,0.2111,4067.3828,858.8224
6620784,0.1848,4077.1484,753.2739
6620820,0.1056,4072.2656,429.9267
6620857,0.1848,4096.6797,756.8823
6620893,0.2903,4091.7969,1187.9689
6620931,0.1848,4096.6797,756.8823
6620966,0.1848,4091.7969,755.9802
6621003,0.2111,4082.0313,861.9154
6621039,0.1848,4121.0938,761.3929
6621076,0.2903,4091.7969,1187.9689
6621114,0.1584,4086.9141,647.2098
6621150,0.1848,4086.9141,755.0781
6621187,0.1848,4077.1484,753.2739
6621222,0.132,4096.6797,540.6302
6621259,0.1848,4101.5625,757.7845
6621295,0.2903,4062.5,1179.4631
6621333,0.3167,4091.7969,1295.9661
6621370,0.1848,4082.0313,754.176
6621407,0.2375,4086.9141,970.8147
6621443,0.2639,4091.7969,1079.9717
6621480,0.1848,4086.9141,755.0781
6621517,0.2111,4091.7969,863.9774
6621553,0.2375,4101.5625,974.2943
6621590,0.3167,4101.5625,1299.059
6621627,0.1848,4082.0313,754.176
6621664,0.1848,4096.6797,756.8823
6621700,0.1848,4096.6797,756.8823
6621736,0.132,4101.5625,541.2746
6621772,0.132,4096.6797,540.6302
6621809,0.1848,4096.6797,756.8823
6621846,0.2111,4091.7969,863.9774
6621882,0.1848,4077.1484,753.2739
6621919,0.2903,4096.6797,1189.3866
6621956,0.2111,4091.7969,863.9774
6621992,0.3167,4091.7969,1295.9661
6622029,0.2111,4047.8516,854.6984
6622066,0.1848,4091.7969,755.9802
6622102,0.1848,4091.7969,755.9802
6622139,0.2111,4101.5625,866.0394
6622175,0.1848,4091.7969,755.9802
6622212,0.1848,4106.4453,758.6866
6622248,0.2111,4077.1484,860.8844
6622284,0.2111,4091.7969,863.9774
6622321,0.2639,4096.6797,1081.2605
6622358,0.2639,4101.5625,1082.5492
6622396,0.2111,4096.6797,865.0084
6622432,0.1584,4096.6797,648.7563
6622469,0.132,4096.6797,540.6302
6622504,0.1848,4091.7969,755.9802
6622541,0.1584,4101.5625,649.5295
6622578,0.2903,4086.9141,1186.5513
6622615,0.2639,4067.3828,1073.528
6622653,0.132,4106.4453,541.9189
6622689,0.1584,4096.6797,648.7563
6622726,0.1584,4077.1484,645.6633
6622761,0.2903,4096.6797,1189.3866
6622799,0.132,4096.6797,540.6302
6622835,0.1848,4091.7969,755.9802
6622872,0.1848,4101.5625,757.7845
6622909,0.2111,4101.5625,866.0394
6622945,0.1848,4086.9141,755.0781
6622982,0.1584,4077.1484,645.6633
6623017,0.1848,4101.5625,757.7845
6623054,0.2375,4116.2109,977.7739
6623090,0.1848,4096.6797,756.8823
6623127,0.3167,4091.7969,1295.9661
6623164,0.2375,4096.6797,973.1344
6623201,0.1584,4096.6797,648.7563
6623237,0.1056,4082.0313,430.9577
6623273,0.132,4096.6797,540.6302
6623310,0.2111,4111.3281,868.1014
6623346,0.1584,4096.6797,648.7563
6623383,0.1848,4082.0313,754.176
6623419,0.1848,4062.5,750.5675
6623456,0.1848,4096.6797,756.8823
6623492,0.3431,4101.5625,1407.314
6623529,0.1848,4086.9141,755.0781
6623565,0.132,4111.3281,542.5634
6623602,0.1848,4091.7969,755.9802
6623638,0.1848,4096.6797,756.8823
6623675,0.2903,4096.6797,1189.3866
6623713,0.1584,4091.7969,647.983
6623749,0.2639,4101.5625,1082.5492
6623787,0.1584,4111.3281,651.076
6623822,0.2111,4106.4453,867.0704
6623859,0.1584,4101.5625,649.5295
6623895,0.1584,4096.6797,648.7563
6623932,0.1848,4096.6797,756.8823
6623968,0.1848,4096.6797,756.8823
6624005,0.1848,4091.7969,755.9802
6624041,0.2375,4125.9766,980.0937
6624077,0.2375,4101.5625,974.2943
6624114,0.1848,4091.7969,755.9802
6624150,0.3431,4086.9141,1402.2878
6624188,0.2903,4096.6797,1189.3866
6624225,0.1848,4101.5625,757.7845
6624262,0.2111,4101.5625,866.0394
6624297,0.1584,4101.5625,649.5295
6624334,0.132,4096.6797,540.6302
6624370,0.1584,4106.4453,650.3027
6624407,0.1584,4091.7969,647.983
6624444,0.1584,4101.5625,649.5295
6624480,0.132,4052.7344,534.8309
6624517,0.3431,4096.6797,1405.6385
6624553,0.2639,4091.7969,1079.9717
6624591,0.1056,4106.4453,433.5352
6624627,0.1584,4096.6797,648.7563
6624664,0.2111,4116.2109,869.1324
6624700,0.1584,4116.2109,651.8492
6624737,0.1848,4101.5625,757.7845
6624774,0.1584,4101.5625,649.5295
6624809,0.1848,4101.5625,757.7845
6624846,0.1584,4106.4453,650.3027
6624882,0.1584,4096.6797,648.7563
6624919,0.2639,4101.5625,1082.5492
6624956,0.1848,4101.5625,757.7845
6624993,0.2111,4101.5625,866.0394
6625029,0.1584,4096.6797,648.7563
6625065,0.1848,4101.5625,757.7845
6625101,0.1848,4101.5625,757.7845
6625138,0.1584,4062.5,643.3435
6625175,0.1848,4072.2656,752.3717
6625211,0.2111,4091.7969,863.9774
6625248,0.2111,4091.7969,863.9774
6625284,0.2111,4091.7969,863.9774
6625320,0.1848,4096.6797,756.8823
6625356,0.1848,4091.7969,755.9802
6625393,0.1584,4101.5625,649.5295
6625429,0.1848,4106.4453,758.6866
6625466,0.2375,4096.6797,973.1344
6625502,0.1848,4106.4453,758.6866
6625539,0.2111,4086.9141,862.9464
6625575,0.2111,4057.6172,856.7604
6625611,0.2903,4101.5625,1190.8042
6625649,0.2111,4101.5625,866.0394
6625685,0.2111,4096.6797,865.0084
6625722,0.1584,4077.1484,645.6633
6625758,0.2375,4106.4453,975.4542
6625795,0.1848,4101.5625,757.7845
6625830,0.2111,4077.1484,860.8844
6625867,0.132,4086.9141,539.3415
6625904,0.1584,4101.5625,649.5295
6625940,0.1584,4096.6797,648.7563
6625977,0.2111,4106.4453,867.0704
6626013,0.1584,4096.6797,648.7563
6626050,0.132,4106.4453,541.9189
6626085,0.2111,4096.6797,865.0084
6626122,0.1584,4091.7969,647.983
6626158,0.2111,4091.7969,863.9774
6626195,0.3431,4091.7969,1403.9633
6626232,0.1848,4091.7969,755.9802
6626269,0.1848,4096.6797,756.8823
6626306,0.1848,4101.5625,757.7845
6626341,0.2111,4072.2656,859.8534
6626378,0.2903,4101.5625,1190.8042
6626415,0.2639,4101.5625,1082.5492
6626453,0.2639,4086.9141,1078.683
6626490,0.1848,4096.6797,756.8823
6626527,0.1848,4116.2109,760.4908
6626563,0.1848,4096.6797,756.8823
6626599,0.1848,4111.3281,759.5887
