3851790,0.1584,4091.7969,
3851827,0.1848,4091.7969,647.983
3851863,0.132,4091.7969,755.9802
,,,539.9858
3851935,0.132,4091.7969,539.9858
3851972,0.1584,4091.7969,647.983
3852008,0.1584,4101.5625,649.5295
3852045,0.132,4096.6797,540.6302
3852081,0.1584,4086.9141,647.2098
3852118,0.1848,4091.7969,755.9802
3852154,0.1848,4091.7969,755.9802
3852190,0.132,4091.7969,539.9858
3852227,0.132,4091.7969,539.9858
3852263,0.1584,4091.7969,647.983
3852300,0.1848,4091.7969,755.9802
3852336,0.2111,4096.6797,865.0084
3852372,0.132,4091.7969,539.9858
3852408,0.1584,4091.7969,647.983
3852445,0.132,4091.7969,539.9858
3852482,0.1848,4091.7969,755.9802
3852518,0.1584,4086.9141,647.2098
3852555,0.132,4096.6797,540.6302
3852591,0.1848,4091.7969,755.9802
3852627,0.1584,4096.6797,648.7563
3852663,0.1848,4101.5625,757.7845
3852700,0.132,4086.9141,539.3415
3852736,0.1584,4082.0313,646.4365
3852773,0.1584,4091.7969,647.983
3852809,0.132,4086.9141,539.3415
3852846,0.1584,4091.7969,647.983
3852882,0.132,4096.6797,540.6302
3852918,0.1584,4086.9141,647.2098
3852955,0.1584,4091.7969,647.983
3852991,0.1584,4091.7969,647.983
3853028,0.1848,4091.7969,755.9802
3853064,0.1056,4096.6797,432.5042
3853101,0.132,4091.7969,539.9858
3853136,0.1584,4091.7969,647.983
3853173,0.2375,4091.7969,971.9745
3853209,0.1848,4096.6797,756.8823
3853246,0.2111,4091.7969,863.9774
3853283,0.1584,4096.6797,648.7563
3853319,0.1584,4086.9141,647.2098
3853356,0.1848,4086.9141,755.0781
3853391,0.132,4096.6797,540.6302
3853428,0.1848,4082.0313,754.176
3853464,0.132,4091.7969,539.9858
3853501,0.1584,4096.6797,648.7563
3853537,0.1584,4096.6797,648.7563
3853574,0.132,4091.7969,539.9858
3853609,0.132,4096.6797,540.6302
3853646,0.1584,4096.6797,648.7563
3853683,0.1848,4091.7969,755.9802
3853719,0.1848,4096.6797,756.8823
3853756,0.2111,4096.6797,865.0084
3853792,0.1848,4086.9141,755.0781
3853829,0.132,4086.9141,539.3415
3853864,0.1848,4091.7969,755.9802
3853901,0.132,4096.6797,540.6302
3853937,0.1584,4091.7969,647.983
3853974,0.132,4096.6797,540.6302
3854010,0.2111,4091.7969,863.9774
3854047,0.2111,4101.5625,866.0394
3854084,0.1584,4091.7969,647.983
3854119,0.132,4091.7969,539.9858
3854156,0.132,4086.9141,539.3415
3854192,0.132,4096.6797,540.6302
3854229,0.1584,4101.5625,649.5295
3854265,0.1848,4091.7969,755.9802
3854302,0.1848,4086.9141,755.0781
3854338,0.1584,4086.9141,647.2098
3854374,0.1584,4091.7969,647.983
3854410,0.1848,4091.7969,755.9802
3854447,0.1584,4091.7969,647.983
3854484,0.1584,4091.7969,647.983
3854520,0.2111,4106.4453,867.0704
3854557,0.1584,4091.7969,647.983
3854593,0.1584,4086.9141,647.2098
3854629,0.1848,4096.6797,756.8823
3854665,0.2111,4111.3281,868.1014
3854702,0.1848,4091.7969,755.9802
3854738,0.132,4101.5625,541.2746
3854775,0.1848,4091.7969,755.9802
3854812,0.1848,4086.9141,755.0781
3854848,0.132,4086.9141,539.3415
3854884,0.1584,4091.7969,647.983
3854920,0.132,4091.7969,539.9858
3854957,0.1848,4096.6797,756.8823
3854993,0.132,4091.7969,539.9858
3855030,0.1056,4086.9141,431.4732
3855066,0.1848,4091.7969,755.9802
3855102,0.2375,4091.7969,971.9745
3855138,0.1584,4086.9141,647.2098
3855175,0.132,4072.2656,537.4083
3855212,0.1056,4096.6797,432.5042
3855248,0.132,4101.5625,541.2746
3855285,0.1584,4086.9141,647.2098
3855321,0.1848,4082.0313,754.176
3855357,0.2375,4091.7969,971.9745
3855393,0.1584,4091.7969,647.983
3855430,0.1056,4091.7969,431.9887
3855466,0.1848,4096.6797,756.8823
3855503,0.1848,4096.6797,756.8823
3855539,0.1848,4096.6797,756.8823
3855576,0.132,4091.7969,539.9858
3855612,0.2111,4096.6797,865.0084
3855648,0.1584,4101.5625,649.5295
3855685,0.1584,4086.9141,647.2098
3855721,0.132,4091.7969,539.9858
3855758,0.1848,4091.7969,755.9802
3855794,0.1848,4086.9141,755.0781
3855831,0.1848,4091.7969,755.9802
3855866,0.2111,4096.6797,865.0084
3855903,0.132,4101.5625,541.2746
3855939,0.1584,4086.9141,647.2098
3855976,0.1848,4096.6797,756.8823
3856013,0.1848,4091.7969,755.9802
3856049,0.132,4091.7969,539.9858
3856086,0.1584,4091.7969,647.983
3856121,0.1848,4086.9141,755.0781
3856158,0.1848,4096.6797,756.8823
3856194,0.1584,4086.9141,647.2098
3856231,0.1848,4086.9141,755.0781
3856267,0.1848,4091.7969,755.9802
3856304,0.1056,4096.6797,432.5042
3856339,0.1848,4096.6797,756.8823
3856376,0.2111,4096.6797,865.0084
3856413,0.1848,4091.7969,755.9802
3856449,0.132,4086.9141,539.3415
3856486,0.1848,4091.7969,755.9802
3856522,0.1584,4091.7969,647.983
3856559,0.1584,4096.6797,648.7563
3856594,0.1584,4082.0313,646.4365
3856631,0.1584,4096.6797,648.7563
3856667,0.2111,4096.6797,865.0084
3856704,0.132,4096.6797,540.6302
3856740,0.2375,4086.9141,970.8147
3856777,0.1584,4096.6797,648.7563
3856814,0.2111,4082.0313,861.9154
3856849,0.1848,4096.6797,756.8823
3856886,0.1848,4096.6797,756.8823
3856922,0.1584,4091.7969,647.983
3856959,0.2111,4086.9141,862.9464
3856995,0.1584,4091.7969,647.983
3857032,0.1584,4086.9141,647.2098
3857068,0.132,4096.6797,540.6302
3857104,0.1584,4091.7969,647.983
3857141,0.132,4096.6797,540.6302
3857177,0.1584,4096.6797,648.7563
3857214,0.2111,4096.6797,865.0084
3857250,0.1848,4096.6797,756.8823
3857287,0.1584,4091.7969,647.983
3857323,0.1848,4077.1484,753.2739
3857359,0.1584,4091.7969,647.983
3857395,0.1848,4096.6797,756.8823
3857432,0.1584,4096.6797,648.7563
3857468,0.2111,4091.7969,863.9774
3857505,0.1584,4086.9141,647.2098
3857542,0.1584,4091.7969,647.983
3857577,0.1848,4091.7969,755.9802
3857614,0.132,4091.7969,539.9858
3857650,0.1584,4096.6797,648.7563
3857687,0.1584,4091.7969,647.983
3857723,0.1848,4091.7969,755.9802
3857760,0.1584,4091.7969,647.983
3857796,0.132,4091.7969,539.9858
3857832,0.1584,4086.9141,647.2098
3857868,0.1584,4096.6797,648.7563
3857905,0.1848,4096.6797,756.8823
3857942,0.1848,4086.9141,755.0781
3857978,0.1848,4096.6797,756.8823
3858015,0.1584,4096.6797,648.7563
3858051,0.1584,4086.9141,647.2098
3858087,0.132,4091.7969,539.9858
3858123,0.1848,4096.6797,756.8823
3858160,0.132,4091.7969,539.9858
3858196,0.1584,4106.4453,650.3027
3858233,0.1848,4101.5625,757.7845
3858269,0.1584,4091.7969,647.983
3858306,0.1584,4091.7969,647.983
3858342,0.132,4096.6797,540.6302
3858378,0.2111,4096.6797,865.0084
3858415,0.132,4096.6797,540.6302
3858451,0.1848,4091.7969,755.9802
3858488,0.1584,4096.6797,648.7563
3858524,0.1848,4091.7969,755.9802
3858561,0.1848,4091.7969,755.9802
3858596,0.132,4082.0313,538.6971
3858633,0.1584,4096.6797,648.7563
3858669,0.132,4096.6797,540.6302
3858706,0.1584,4111.3281,651.076
3858743,0.132,4101.5625,541.2746
3858779,0.1584,4091.7969,647.983
3858816,0.1848,4086.9141,755.0781
3858851,0.1584,4101.5625,649.5295
3858888,0.132,4096.6797,540.6302
3858924,0.1584,4091.7969,647.983
3858961,0.132,4091.7969,539.9858
3858997,0.1848,4096.6797,756.8823
3859034,0.2111,4096.6797,865.0084
3859069,0.2111,4086.9141,862.9464
3859106,0.1584,4096.6797,648.7563
3859143,0.1848,4086.9141,755.0781
3859179,0.1584,4091.7969,647.983
3859216,0.132,4091.7969,539.9858
3859252,0.1584,4086.9141,647.2098
3859289,0.1584,4096.6797,648.7563
3859324,0.2111,4082.0313,861.9154
3859361,0.132,4091.7969,539.9858
3859397,0.1848,4082.0313,754.176
3859434,0.1848,4091.7969,755.9802
3859471,0.1848,4091.7969,755.9802
3859507,0.1584,4091.7969,647.983
3859544,0.2111,4082.0313,861.9154
3859579,0.2111,4096.6797,865.0084
3859616,0.1584,4091.7969,647.983
3859652,0.1848,4091.7969,755.9802
3859689,0.1584,4096.6797,648.7563
3859725,0.1848,4096.6797,756.8823
3859762,0.1584,4096.6797,648.7563
3859798,0.1584,4091.7969,647.983
3859834,0.1848,4091.7969,755.9802
3859871,0.1584,4091.7969,647.983
3859907,0.1584,4086.9141,647.2098
3859944,0.1584,4096.6797,648.7563
3859980,0.1584,4096.6797,648.7563
3860017,0.2111,4091.7969,863.9774
3860052,0.1584,4086.9141,647.2098
3860089,0.2111,4096.6797,865.0084
3860125,0.1056,4096.6797,432.5042
3860162,0.132,4062.5,536.1196
3860198,0.1848,4091.7969,755.9802
3860235,0.1584,4096.6797,648.7563
3860272,0.1848,4086.9141,755.0781
3860307,0.1848,4091.7969,755.9802
3860344,0.1584,4096.6797,648.7563
3860380,0.1584,4091.7969,647.983
3860417,0.1584,4091.7969,647.983
3860453,0.1584,4082.0313,646.4365
3860490,0.1584,4091.7969,647.983
3860526,0.132,4096.6797,540.6302
3860562,0.132,4101.5625,541.2746
3860598,0.1584,4072.2656,644.89
3860635,0.132,4091.7969,539.9858
3860672,0.132,4091.7969,539.9858
3860708,0.1584,4106.4453,650.3027
3860745,0.132,4091.7969,539.9858
3860781,0.132,4091.7969,539.9858
3860817,0.2111,4067.3828,858.8224
3860853,0.1584,4091.7969,647.983
3860890,0.2111,4077.1484,860.8844
3860926,0.2639,4086.9141,1078.683
3860964,0.132,4106.4453,541.9189
3861000,0.1584,4086.9141,647.2098
3861037,0.1584,4082.0313,646.4365
3861073,0.2903,4086.9141,1186.5513
3861110,0.1848,4106.4453,758.6866
3861147,0.1848,4091.7969,755.9802
3861183,0.2375,4091.7969,971.9745
3861220,0.1848,4091.7969,755.9802
3861256,0.2111,4091.7969,863.9774
3861293,0.2903,4077.1484,1183.7161
3861329,0.1584,4057.6172,642.5703
3861366,0.1584,4091.7969,647.983
3861403,0.1848,4086.9141,755.0781
3861439,0.3431,4091.7969,1403.9633
3861477,0.1848,4091.7969,755.9802
3861513,0.1848,4091.7969,755.9802
3861550,0.1848,4052.7344,748.7632
3861585,0.1848,4086.9141,755.0781
3861622,0.2111,4096.6797,865.0084
3861658,0.2111,4096.6797,865.0084
3861695,0.1584,4096.6797,648.7563
3861731,0.2375,4091.7969,971.9745
3861768,0.1584,4091.7969,647.983
3861805,0.1848,4091.7969,755.9802
3861840,0.1848,4077.1484,753.2739
3861877,0.1584,4096.6797,648.7563
3861913,0.1848,4091.7969,755.9802
3861950,0.1584,4091.7969,647.983
3861986,0.1848,4091.7969,755.9802
3862023,0.1848,4096.6797,756.8823
3862059,0.1848,4077.1484,753.2739
3862095,0.1584,4091.7969,647.983
3862131,0.132,4057.6172,535.4752
3862168,0.1848,4067.3828,751.4696
3862205,0.3695,4086.9141,1510.1563
3862242,0.1848,4086.9141,755.0781
3862279,0.1584,4091.7969,647.983
3862315,0.1848,4091.7969,755.9802
3862351,0.1848,4091.7969,755.9802
3862387,0.132,4096.6797,540.6302
3862424,0.132,4091.7969,539.9858
3862460,0.3431,4096.6797,1405.6385
3862498,0.3167,4086.9141,1294.4196
3862536,0.1848,4096.6797,756.8823
3862572,0.1848,4072.2656,752.3717
3862608,0.1848,4101.5625,757.7845
3862644,0.1584,4077.1484,645.6633
3862681,0.2111,4101.5625,866.0394
3862717,0.1584,4091.7969,647.983
3862754,0.132,4091.7969,539.9858
3862790,0.1848,4091.7969,755.9802
3862827,0.2903,4091.7969,1187.9689
3862863,0.1848,4096.6797,756.8823
3862900,0.132,4091.7969,539.9858
3862937,0.2639,4091.7969,1079.9717
3862974,0.1848,4101.5625,757.7845
3863011,0.2111,4101.5625,866.0394
3863047,0.2639,4082.0313,1077.3942
3863085,0.1584,4082.0313,646.4365
3863120,0.3167,4091.7969,1295.9661
3863158,0.1848,4091.7969,755.9802
3863194,0.1848,4091.7969,755.9802
3863231,0.1584,4086.9141,647.2098
3863268,0.1848,4091.7969,755.9802
3863304,0.2111,4091.7969,863.9774
3863341,0.1584,4086.9141,647.2098
3863376,0.1584,4096.6797,648.7563
3863413,0.1584,4091.7969,647.983
3863449,0.1584,4072.2656,644.89
3863486,0.132,4072.2656,537.4083
3863522,0.1848,4072.2656,752.3717
3863559,0.132,4101.5625,541.2746
3863595,0.1584,4072.2656,644.89
3863631,0.1584,4096.6797,648.7563
3863668,0.1584,4086.9141,647.2098
3863704,0.1848,4091.7969,755.9802
3863741,0.1584,4086.9141,647.2098
3863777,0.1848,4091.7969,755.9802
3863814,0.132,4091.7969,539.9858
3863849,0.1584,4091.7969,647.983
3863886,0.1848,4086.9141,755.0781
3863922,0.2111,4086.9141,862.9464
3863959,0.2111,4086.9141,862.9464
3863995,0.1584,4062.5,643.3435
3864032,0.2111,4086.9141,862.9464
3864069,0.1584,4091.7969,647.983
3864104,0.2111,4091.7969,863.9774
3864141,0.2111,4086.9141,862.9464
3864177,0.2111,4086.9141,862.9464
3864214,0.2111,4096.6797,865.0084
3864250,0.1848,4091.7969,755.9802
3864287,0.132,4106.4453,541.9189
3864323,0.1584,4086.9141,647.2098
3864359,0.2111,4062.5,857.7914
3864396,0.1584,4086.9141,647.2098
3864432,0.1584,4082.0313,646.4365
3864469,0.1848,4091.7969,755.9802
3864505,0.0792,4096.6797,324.3781
3864542,0.1584,4091.7969,647.983
3864578,0.1848,4091.7969,755.9802
3864614,0.2111,4072.2656,859.8534
3864650,0.2375,4091.7969,971.9745
3864687,0.1848,4057.6172,749.6653
3864723,0.1584,4072.2656,644.89
3864760,0.2111,4091.7969,863.9774
3864797,0.2111,4091.7969,863.9774
3864833,0.1848,4091.7969,755.9802
3864869,0.2639,4086.9141,1078.683
3864906,0.1584,4072.2656,644.89
3864943,0.1848,4067.3828,751.4696
3864979,0.0792,4101.5625,324.7647
3865016,0.1584,4096.6797,648.7563
3865052,0.1584,4082.0313,646.4365
3865089,0.1584,4091.7969,647.983
3865124,0.1584,4077.1484,645.6633
3865161,0.1848,4091.7969,755.9802
3865198,0.1848,4096.6797,756.8823
3865234,0.1584,4082.0313,646.4365
3865271,0.1848,4072.2656,752.3717
3865307,0.132,4091.7969,539.9858
3865344,0.1584,4096.6797,648.7563
3865379,0.1584,4091.7969,647.983
3865416,0.2111,4091.7969,863.9774
3865452,0.1584,4086.9141,647.2098
3865489,0.1848,4101.5625,757.7845
3865525,0.132,4086.9141,539.3415
3865562,0.132,4077.1484,538.0527
3865598,0.2375,4067.3828,966.1752
3865634,0.132,4082.0313,538.6971
3865671,0.1848,4077.1484,753.2739
3865707,0.1848,4091.7969,755.9802
3865744,0.1848,4096.6797,756.8823
3865780,0.2111,4082.0313,861.9154
3865817,0.2375,4091.7969,971.9745
3865852,0.1584,4091.7969,647.983
3865889,0.1584,4096.6797,648.7563
3865925,0.3167,4091.7969,1295.9661
3865963,0.2111,4096.6797,865.0084
3866000,0.1584,4096.6797,648.7563
3866036,0.3167,4086.9141,1294.4196
3866074,0.1584,4082.0313,646.4365
3866109,0.1848,4086.9141,755.0781
3866146,0.1848,4086.9141,755.0781
3866182,0.1584,4096.6797,648.7563
3866219,0.2375,4091.7969,971.9745
3866255,0.1848,4091.7969,755.9802
3866292,0.1584,4082.0313,646.4365
3866329,0.1584,4096.6797,648.7563
3866364,0.132,4091.7969,539.9858
3866401,0.1584,4091.7969,647.983
3866437,0.1584,4091.7969,647.983
3866474,0.1848,4091.7969,755.9802
3866510,0.1848,4067.3828,751.4696
3866547,0.1584,4111.3281,651.076
3866583,0.1584,4082.0313,646.4365
3866619,0.1584,4077.1484,645.6633
3866655,0.1584,4091.7969,647.983
3866692,0.132,4077.1484,538.0527
3866729,0.1584,4086.9141,647.2098
3866765,0.1848,4091.7969,755.9802
3866802,0.2111,4091.7969,863.9774
3866838,0.2639,4086.9141,1078.683
3866875,0.1584,4091.7969,647.983
3866911,0.1584,4096.6797,648.7563
3866948,0.1584,4077.1484,645.6633
3866984,0.1848,4091.7969,755.9802
3867021,0.1584,4091.7969,647.983
3867057,0.1848,4096.6797,756.8823
3867094,0.2111,4086.9141,862.9464
3867130,0.1584,4067.3828,644.1168
3867166,0.2375,4091.7969,971.9745
3867203,0.1848,4086.9141,755.0781
3867239,1.3989,3842.7734,5375.501
3867277,1.4516,3876.9531,5627.9673
3867314,1.3197,3969.7266,5238.7646
3867352,1.2405,3916.0156,4857.8105
3867388,1.1877,3886.7188,4616.2993
3867426,1.1877,3901.3672,4633.6973
3867464,1.2141,3964.8438,4813.7358
3867501,1.1349,3964.8438,4499.7959
3867539,1.1085,3891.6016,4313.9585
3867576,1.2141,3911.1328,4748.5249
3867614,1.1613,3994.1406,4638.4658
3867651,1.1349,3959.9609,4494.2544
3867688,1.0821,3916.0156,4237.665
3867726,1.0821,3920.8984,4242.9487
3867763,1.1613,3974.6094,4615.7837
3867801,1.2669,3955.0781,5010.6563
3867838,1.2405,3872.0703,4803.2969
3867876,1.2669,3911.1328,4954.9824
3867913,1.2933,3950.1953,5108.7305
3867951,1.2405,3935.5469,4882.0391
3867987,1.3197,3847.6563,5077.6714
3868025,1.3725,3911.1328,5367.8975
3868063,1.3725,3955.0781,5428.2109
3868100,1.5044,3876.9531,5832.6206
3868138,1.5308,3818.3594,5845.2505
3868175,1.3989,3896.4844,5450.6353
3868213,1.5308,3935.5469,6024.6445
3868250,1.61,3833.0078,6171.1753
3868288,1.5836,3842.7734,6085.4731
3868325,1.5308,3916.0156,5994.7456
3868362,1.5836,3891.6016,6162.7979
3868400,1.5572,3833.0078,5968.8413
3868437,1.478,3857.4219,5701.4263
3868475,1.5044,3920.8984,5898.7334
3868512,1.5572,3886.7188,6052.481
3868550,1.5044,3818.3594,5744.4702
3868587,1.5308,3896.4844,5964.8467
3868624,1.5572,3940.4297,6136.1211
3868662,1.7156,3828.125,6567.4653
3868699,1.7948,3784.1797,6791.708
3868737,1.7948,3872.0703,6949.4507
3868774,1.7684,3857.4219,6821.3486
3868812,1.7684,3774.4141,6674.5601
3868849,1.8739,3823.2422,7164.543
3868887,1.9531,3867.1875,7553.1006
3868924,1.8739,3808.5938,7137.0923
3868961,1.8476,3784.1797,6991.4634
3868999,1.8212,3862.3047,7033.8638
3869036,1.7684,3881.8359,6864.522
3869074,1.7156,3784.1797,6492.0732
3869111,1.8212,3813.4766,6944.9399
3869149,1.8739,3881.8359,7274.3442
3869186,1.8739,3798.8281,7118.7925
3869223,1.9795,3730.4688,7384.5322
3869261,1.9267,3823.2422,7366.3608
3869298,2.0059,3852.5391,7727.8545
3869336,1.9795,3745.1172,7413.5288
3869373,1.9267,3793.9453,7309.9141
3869411,1.9267,3857.4219,7432.2163
3869448,1.8739,3803.7109,7127.9424
3869486,1.9267,3740.2344,7206.4272
3869523,1.9267,3828.125,7375.769
3869560,1.9267,3862.3047,7441.624
3869598,1.8739,3779.2969,7082.1919
3869635,2.0059,3740.2344,7502.5811
3869673,1.9267,3842.7734,7403.9927
3869710,2.0851,3833.0078,7992.1777
3869748,1.9267,3720.7031,7168.7959
3869785,1.9267,3808.5938,7338.1372
3869822,1.9531,3833.0078,7486.3433
3869860,1.9795,3789.0625,7500.5195
3869897,2.0059,3745.1172,7512.376
3869935,2.1115,3847.6563,8124.2739
3869972,2.0851,3823.2422,7971.8154
3870010,2.0059,3745.1172,7512.376
3870047,2.0851,3779.2969,7880.1855
3870085,2.0851,3847.6563,8022.7212
3870123,2.1379,3789.0625,8100.561
3870159,2.1115,3715.8203,7845.9043
3870197,2.1907,3803.7109,8332.665
3870234,2.1115,3808.5938,8041.7939
3870272,2.1907,3730.4688,8172.2153
3870309,2.1115,3764.6484,7949.0039
3870347,2.1115,3798.8281,8021.1738
3870384,2.1115,3774.4141,7969.624
3870422,2.1115,3735.3516,7887.144
3870459,2.1115,3813.4766,8052.104
3870496,2.2435,3828.125,8588.2236
3870534,2.2698,3681.6406,8356.7637
3870571,2.3226,3754.8828,8721.2227
3870609,2.1907,3798.8281,8321.9678
3870646,2.2698,3764.6484,8545.1797
3870684,2.1379,3730.4688,7975.2949
3870722,2.1643,3784.1797,8190.0005
3870758,2.2171,3813.4766,8454.709
3870796,2.1643,3750,8116.0264
3870833,2.0851,3725.5859,7768.1934
3870871,2.1907,3798.8281,8321.9678
3870908,2.2171,3784.1797,8389.7568
3870946,2.2435,3706.0547,8314.3652
3870983,2.2435,3769.5313,8456.7715
3871021,2.2435,3798.8281,8522.498
3871058,2.2435,3735.3516,8380.0908
3871095,2.2435,3686.5234,8270.5479
3871133,2.2435,3774.4141,8467.7256
3871170,2.3226,3813.4766,8857.3145
3871208,2.2171,3720.7031,8249.0254
3871245,2.2698,3720.7031,8445.4297
3871283,2.2171,3784.1797,8389.7568
3871321,2.349,3779.2969,8877.6777
3871357,2.349,3710.9375,8717.0996
3871395,2.2435,3754.8828,8423.9082
3871432,2.2698,3793.9453,8611.6787
3871470,2.2435,3740.2344,8391.0459
3871507,2.349,3710.9375,8717.0996
3871545,2.349,3764.6484,8843.2676
3871582,2.349,3769.5313,8854.7373
3871620,2.5074,3706.0547,9292.5254
3871657,2.3226,3740.2344,8687.2002
3871694,2.349,3764.6484,8843.2676
3871732,2.349,3769.5313,8854.7373
3871769,2.3226,3691.4063,8573.79
3871807,2.349,3740.2344,8785.918
3871844,2.3754,3779.2969,8977.4258
3871882,2.2962,3725.5859,8554.8447
3871920,2.4018,3691.4063,8866.0781
3871956,2.4018,3750,9006.8096
3871994,2.349,3784.1797,8889.1475
3872031,2.2962,3696.2891,8487.5723
3872069,2.481,3725.5859,9243.166
3872106,2.4546,3754.8828,9216.7461
3872144,2.3754,3774.4141,8965.8271
3872181,2.349,3676.7578,8636.8105
3872219,2.4546,3710.9375,9108.8779
3872257,2.3754,3764.6484,8942.6299
3872293,2.4018,3750,9006.8096
3872331,2.349,3666.9922,8613.8701
3872368,2.2962,3735.3516,8577.2695
3872406,2.349,3784.1797,8889.1475
3872443,2.4282,3720.7031,9034.6465
3872481,2.4282,3686.5234,8951.6514
3872519,2.349,3754.8828,8820.3281
3872556,2.3226,3779.2969,8777.9277
3872593,2.4546,3691.4063,9060.9365
3872630,2.4546,3681.6406,9036.9658
3872668,2.4282,3750,9105.7861
3872705,2.4546,3745.1172,9192.7754
3872743,2.4546,3666.9922,9001.0098
3872780,2.4546,3696.2891,9072.9219
3872818,2.4282,3769.5313,9153.2119
3872856,2.4546,3754.8828,9216.7461
3872892,2.4282,3686.5234,8951.6514
3872930,2.4282,3710.9375,9010.9336
3872967,2.4546,3754.8828,9216.7461
3873005,2.4018,3730.4688,8959.8994
3873042,2.4546,3662.1094,8989.0244
3873080,2.4018,3725.5859,8948.1719
3873118,2.4282,3764.6484,9141.3555
3873155,2.5074,3740.2344,9378.2275
3873192,2.5074,3681.6406,9231.3096
3873229,2.5338,3706.0547,9390.3408
3873267,2.5074,3754.8828,9414.957
3873304,2.5338,3720.7031,9427.457
3873342,2.5338,3662.1094,9278.9932
3873379,2.481,3696.2891,9170.4805
3873417,2.5602,3735.3516,9563.1621
3873455,2.4546,3750,9204.7607
3873491,2.4546,3666.9922,9001.0098
3873529,2.4018,3706.0547,8901.2607
3873566,2.4546,3750,9204.7607
3873604,2.5074,3745.1172,9390.4707
3873641,2.4282,3671.875,8916.082
3873679,2.5338,3691.4063,9353.2246
3873717,2.5074,3730.4688,9353.7412
3873754,2.5866,3696.2891,9560.7139
3873792,2.5866,3657.2266,9459.6758
3873828,2.5866,3676.7578,9510.1953
3873866,2.5866,3710.9375,9598.6035
3873903,2.4546,3764.6484,9240.7168
3873941,2.481,3715.8203,9218.9375
3873978,2.4546,3691.4063,9060.9365
3874016,2.4018,3754.8828,9018.5371
3874054,2.4018,3754.8828,9018.5371
3874091,2.5602,3681.6406,9425.6533
3874128,2.6921,3652.3438,9832.6406
3874165,2.613,3691.4063,9645.5137
3874203,2.613,3730.4688,9747.583
3874240,2.5338,3735.3516,9464.5732
3874278,2.5866,3652.3438,9447.0459
3874316,2.5338,3652.3438,9254.249
3874353,2.5074,3720.7031,9329.2549
3874391,2.5338,3745.1172,9489.3164
3874427,2.5074,3701.1719,9280.2822
3874465,2.4546,3657.2266,8977.0391
3874502,2.5602,3706.0547,9488.1572
3874540,2.5602,3750,9600.665
3874577,2.481,3710.9375,9206.8232
3874615,2.481,3642.5781,9037.2236
3874653,2.4282,3706.0547,8999.0771
3874690,2.5866,3725.5859,9636.4922
3874727,2.4546,3730.4688,9156.8193
3874764,2.5602,3657.2266,9363.1484
3874802,2.5866,3662.1094,9472.3057
3874839,2.5602,3691.4063,9450.6543
3874877,2.613,3735.3516,9760.3418
3874915,2.5338,3706.0547,9390.3408
3874952,2.5338,3637.6953,9217.1328
3874990,2.5602,3710.9375,9500.6582
3875026,2.5866,3745.1172,9687.0117
3875064,2.3754,3740.2344,8884.6357
3875101,2.4282,3681.6406,8939.7949
3875139,2.5074,3710.9375,9304.7686
3875176,2.5602,3754.8828,9613.166
3875214,2.5602,3706.0547,9488.1572
3875252,2.613,3657.2266,9556.2041
3875289,2.7449,3632.8125,9971.8252
3875326,2.6921,3671.875,9885.2217
3875363,2.7185,3706.0547,10075.054
3875402,2.5338,3720.7031,9427.457
3875439,2.5602,3706.0547,9488.1572
3875477,2.5074,3666.9922,9194.5801
3875515,2.4282,3710.9375,9010.9336
3875552,2.481,3715.8203,9218.9375
3875590,2.5602,3735.3516,9563.1621
3875627,2.5602,3662.1094,9375.6494
3875664,2.5074,3706.0547,9292.5254
3875701,2.5338,3735.3516,9464.5732
3875739,2.5074,3730.4688,9353.7412
3875776,2.5338,3666.9922,9291.3652
3875814,2.5074,3676.7578,9219.0664
3875852,2.6658,3706.0547,9879.4219
3875889,2.5602,3745.1172,9588.1641
3875927,2.5338,3696.2891,9365.5967
3875963,2.5866,3652.3438,9447.0459
3876001,2.5338,3676.7578,9316.1094
3876038,2.5338,3735.3516,9464.5732
3876076,2.5866,3735.3516,9661.752
3876114,2.5338,3652.3438,9254.249
3876151,2.5866,3686.5234,9535.4541
3876189,2.5338,3730.4688,9452.2012
3876226,2.5602,3735.3516,9563.1621
3876263,2.6394,3662.1094,9665.6182
3876300,2.6394,3676.7578,9704.2803
3876338,2.5074,3706.0547,9292.5254
3876375,2.5866,3735.3516,9661.752
3876413,2.5074,3676.7578,9219.0664
3876451,2.5602,3647.4609,9338.1465
3876488,2.481,3720.7031,9231.0518
3876526,2.481,3730.4688,9255.2803
3876562,2.6394,3706.0547,9781.6055
3876600,2.5602,3652.3438,9350.6475
3876637,2.613,3686.5234,9632.7549
3876675,2.613,3720.7031,9722.0654
3876713,2.5074,3720.7031,9329.2549
3876750,2.613,3647.4609,9530.6865
3876788,2.5866,3681.6406,9522.8252
3876825,2.6658,3681.6406,9814.3398
3876862,2.5074,3735.3516,9365.9844
3876899,2.613,3686.5234,9632.7549
3876937,2.481,3662.1094,9085.6807
3876974,2.5866,3686.5234,9535.4541
3877012,2.5602,3730.4688,9550.6611
3877050,2.5866,3706.0547,9585.9736
3877087,2.5338,3652.3438,9254.249
3877125,2.613,3696.2891,9658.2725
3877161,2.5338,3710.9375,9402.7129
3877199,2.613,3720.7031,9722.0654
3877236,2.5338,3662.1094,9278.9932
3877274,2.5338,3676.7578,9316.1094
3877312,2.613,3706.0547,9683.79
3877349,2.5866,3740.2344,9674.3818
3877387,2.5074,3696.2891,9268.0391
3877424,2.5074,3676.7578,9219.0664
3877462,2.613,3696.2891,9658.2725
3877498,2.5074,3725.5859,9341.498
3877536,2.5602,3706.0547,9488.1572
3877573,2.5602,3657.2266,9363.1484
3877611,2.5338,3666.9922,9291.3652
3877649,2.613,3715.8203,9709.3066
3877686,2.613,3725.5859,9734.8242
3877724,2.5866,3710.9375,9598.6035
3877761,2.5338,3652.3438,9254.249
3877798,2.5602,3696.2891,9463.1553
3877835,2.5074,3730.4688,9353.7412
3877873,2.5602,3735.3516,9563.1621
3877911,2.5866,3662.1094,9472.3057
3877948,2.5866,3666.9922,9484.9355
3877986,2.5338,3725.5859,9439.8291
3878023,2.4282,3750,9105.7861
3878061,2.5074,3662.1094,9182.3369
3878097,2.4018,3691.4063,8866.0781
3878135,2.5338,3696.2891,9365.5967
3878172,2.5866,3754.8828,9712.2705
3878210,2.4546,3662.1094,8989.0244
3878248,2.481,3686.5234,9146.252
3878285,2.5074,3730.4688,9353.7412
3878323,2.4282,3745.1172,9093.9297
3878360,2.5338,3666.9922,9291.3652
3878397,2.481,3676.7578,9122.0234
3878434,2.5602,3706.0547,9488.1572
3878472,2.481,3730.4688,9255.2803
3878510,2.4546,3647.4609,8953.0684
3878547,2.5074,3710.9375,9304.7686
3878585,2.4546,3715.8203,9120.8633
3878622,2.481,3750,9303.7373
3878660,2.5866,3657.2266,9459.6758
3878696,2.4546,3691.4063,9060.9365
3878734,2.4018,3720.7031,8936.4443
3878771,2.5338,3735.3516,9464.5732
3878809,2.6394,3652.3438,9639.8428
3878847,2.4546,3676.7578,9024.9805
3878884,2.5602,3715.8203,9513.1592
3878922,2.613,3730.4688,9747.583
3878959,2.481,3666.9922,9097.7949
3878996,2.5602,3666.9922,9388.1504
3879033,2.5338,3710.9375,9402.7129
3879071,2.5338,3730.4688,9452.2012
3879109,2.5338,3666.9922,9291.3652
3879146,2.5602,3662.1094,9375.6494
3879184,2.5866,3710.9375,9598.6035
3879221,2.481,3720.7031,9231.0518
3879259,2.481,3662.1094,9085.6807
3879296,2.5338,3666.9922,9291.3652
3879333,2.5602,3730.4688,9550.6611
3879370,2.5866,3735.3516,9661.752
3879408,2.5602,3647.4609,9338.1465
3879446,2.5338,3676.7578,9316.1094
3879483,2.4546,3750,9204.7607
3879521,2.4282,3720.7031,9034.6465
3879558,2.481,3657.2266,9073.5664
3879596,2.5074,3701.1719,9280.2822
3879632,2.4018,3754.8828,9018.5371
3879670,2.481,3681.6406,9134.1377
3879708,2.5074,3671.875,9206.8232
3879745,2.5338,3725.5859,9439.8291
3879783,2.5602,3750,9600.665
3879820,2.5602,3652.3438,9350.6475
3879858,2.4546,3696.2891,9072.9219
3879895,2.5074,3745.1172,9390.4707
3879932,2.5866,3720.7031,9623.8623
3879969,2.5074,3662.1094,9182.3369
3880007,2.4018,3710.9375,8912.9883
3880045,2.4546,3754.8828,9216.7461
3880082,2.5338,3666.9922,9291.3652
3880120,2.4546,3676.7578,9024.9805
3880157,2.4546,3730.4688,9156.8193
3880195,2.5074,3720.7031,9329.2549
3880231,2.481,3662.1094,9085.6807
3880269,2.481,3706.0547,9194.709
3880307,2.481,3740.2344,9279.5088
3880344,2.4282,3696.2891,8975.3643
3880382,2.5338,3662.1094,9278.9932
3880419,2.481,3720.7031,9231.0518
3880457,2.481,3740.2344,9279.5088
3880494,2.5866,3666.9922,9484.9355
3880531,2.5866,3676.7578,9510.1953
3880568,2.5602,3725.5859,9538.1602
3880606,2.4546,3735.3516,9168.8047
3880644,2.4546,3627.9297,8905.127
3880681,2.5074,3691.4063,9255.7959
3880719,2.4018,3754.8828,9018.5371
3880756,2.481,3715.8203,9218.9375
3880794,2.481,3681.6406,9134.1377
3880830,2.4282,3735.3516,9070.2168
3880868,2.4282,3759.7656,9129.499
3880906,2.5074,3671.875,9206.8232
3880943,2.5602,3696.2891,9463.1553
3880981,2.5338,3740.2344,9476.9443
3881018,2.481,3701.1719,9182.5947
3881056,2.5338,3652.3438,9254.249
3881093,2.481,3691.4063,9158.3662
3881131,2.5602,3735.3516,9563.1621
3881167,2.481,3710.9375,9206.8232
3881205,2.4546,3681.6406,9036.9658
3881243,2.5338,3710.9375,9402.7129
3881280,2.481,3740.2344,9279.5088
3881318,2.5338,3671.875,9303.7373
3881355,2.4546,3686.5234,9048.9512
3881393,2.481,3745.1172,9291.623
3881430,2.481,3730.4688,9255.2803
3881467,2.5074,3657.2266,9170.0947
3881505,2.3226,3710.9375,8619.1543
3881542,2.3754,3740.2344,8884.6357
3881580,2.4282,3686.5234,8951.6514
3881617,2.5074,3676.7578,9219.0664
3881655,2.5338,3730.4688,9452.2012
3881692,2.5866,3754.8828,9712.2705
3881730,2.481,3671.875,9109.9092
3881766,2.5338,3715.8203,9415.085
3881804,2.4282,3759.7656,9129.499
3881842,2.4546,3681.6406,9036.9658
3881879,2.481,3676.7578,9122.0234
3881917,2.4546,3715.8203,9120.8633
3881954,2.5866,3745.1172,9687.0117
3881992,2.5866,3657.2266,9459.6758
3882029,2.5074,3691.4063,9255.7959
3882066,2.4546,3735.3516,9168.8047
3882104,2.5338,3710.9375,9402.7129
3882141,2.5074,3681.6406,9231.3096
3882179,2.4018,3710.9375,8912.9883
3882216,2.481,3750,9303.7373
3882254,2.4018,3666.9922,8807.4404
3882291,2.5338,3710.9375,9402.7129
3882329,2.4018,3750,9006.8096
3882365,2.4546,3715.8203,9120.8633
3882403,2.4282,3662.1094,8892.3691
3882441,2.3754,3730.4688,8861.4385
3882478,2.4018,3730.4688,8959.8994
3882516,2.481,3637.6953,9025.1094
3882553,2.4282,3720.7031,9034.6465
3882591,2.5074,3740.2344,9378.2275
3882628,2.5074,3666.9922,9194.5801
3882665,2.481,3686.5234,9146.252
3882703,2.481,3745.1172,9291.623
3882740,2.481,3725.5859,9243.166
3882778,2.4018,3671.875,8819.168
3882815,2.4018,3706.0547,8901.2607
3882853,2.4282,3754.8828,9117.6426
3882890,2.4282,3671.875,8916.082
3882928,2.4282,3710.9375,9010.9336
3882964,2.481,3740.2344,9279.5088
3883002,2.4282,3676.7578,8927.9385
3883040,2.4546,3676.7578,9024.9805
3883077,2.4282,3750,9105.7861
3883115,2.5338,3710.9375,9402.7129
3883152,2.5074,3666.9922,9194.5801
3883190,2.4546,3730.4688,9156.8193
3883227,2.4282,3720.7031,9034.6465
3883265,2.481,3652.3438,9061.4521
3883302,2.4546,3715.8203,9120.8633
3883339,2.4018,3740.2344,8983.3545
3883377,2.4546,3681.6406,9036.9658
3883414,2.4282,3671.875,8916.082
3883452,2.4546,3720.7031,9132.8486
3883489,2.4546,3740.2344,9180.79
3883527,2.4018,3686.5234,8854.3506
3883564,2.3754,3725.5859,8849.8398
3883601,2.4018,3745.1172,8995.082
3883639,2.4546,3671.875,9012.9951
3883676,2.4282,3706.0547,8999.0771
3883714,2.4546,3750,9204.7607
3883751,2.481,3662.1094,9085.6807
3883789,2.5866,3666.9922,9484.9355
3883826,2.5338,3735.3516,9464.5732
3883864,2.4546,3730.4688,9156.8193
3883901,2.4282,3642.5781,8844.9434
3883938,2.3226,3706.0547,8607.8125
3883976,2.4018,3759.7656,9030.2646
3884013,2.4282,3686.5234,8951.6514
3884051,2.349,3691.4063,8671.2197
3884088,2.481,3750,9303.7373
3884126,2.4546,3759.7656,9228.7314
3884163,2.4018,3666.9922,8807.4404
3884200,2.349,3745.1172,8797.3887
3884238,2.4018,3764.6484,9041.9922
3884275,2.4546,3666.9922,9001.0098
3884313,2.4282,3701.1719,8987.2207
3884350,2.4546,3750,9204.7607
3884388,2.4546,3681.6406,9036.9658
3884425,2.5338,3662.1094,9278.9932
3884463,2.5866,3730.4688,9649.1221
3884500,2.5074,3715.8203,9317.0117
3884537,2.4018,3652.3438,8772.2568
3884575,2.5074,3715.8203,9317.0117
3884612,2.4018,3740.2344,8983.3545
3884650,2.3754,3696.2891,8780.2471
3884687,2.349,3706.0547,8705.6289
3884725,2.481,3789.0625,9400.6514
3884762,2.4282,3662.1094,8892.3691
3884800,2.4282,3676.7578,8927.9385
3884837,2.349,3750,8808.8584
3884874,2.3754,3691.4063,8768.6484
3884912,2.5866,3666.9922,9484.9355
3884949,2.4018,3735.3516,8971.627
3884987,2.4282,3745.1172,9093.9297
3885024,2.5074,3637.6953,9121.1221
3885062,2.481,3686.5234,9146.252
3885100,2.481,3759.7656,9327.9658
3885136,2.3754,3706.0547,8803.4443
3885174,2.5074,3676.7578,9219.0664
3885211,2.4282,3730.4688,9058.3594
3885249,2.349,3745.1172,8797.3887
3885286,2.4018,3676.7578,8830.8955
3885324,2.3754,3706.0547,8803.4443
3885361,2.3226,3774.4141,8766.5869
3885399,2.5074,3686.5234,9243.5527
3885436,2.4018,3720.7031,8936.4443
3885473,2.349,3750,8808.8584
3885511,2.5338,3701.1719,9377.9688
3885548,2.5338,3618.1641,9167.6455
3885586,2.481,3696.2891,9170.4805
3885623,2.4018,3754.8828,9018.5371
3885661,2.481,3671.875,9109.9092
3885699,2.4282,3686.5234,8951.6514
3885735,2.349,3750,8808.8584
3885773,2.5338,3706.0547,9390.3408
3885810,2.4282,3681.6406,8939.7949
3885848,2.4282,3740.2344,9082.0732
3885885,2.481,3730.4688,9255.2803
3885923,2.4018,3657.2266,8783.9854
3885960,2.4018,3735.3516,8971.627
3885998,2.4282,3740.2344,9082.0732
3886035,2.4018,3666.9922,8807.4404
3886072,2.4018,3730.4688,8959.8994
3886110,2.5338,3764.6484,9538.8047
3886147,2.481,3657.2266,9073.5664
3886185,2.4282,3701.1719,8987.2207
3886222,2.4018,3774.4141,9065.4473
3886260,2.4018,3671.875,8819.168
3886298,2.481,3710.9375,9206.8232
3886334,2.3226,3754.8828,8721.2227
3886372,2.3226,3691.4063,8573.79
3886409,2.3754,3696.2891,8780.2471
3886447,2.3754,3735.3516,8873.0371
3886484,2.4018,3701.1719,8889.5332
3886522,2.481,3662.1094,9085.6807
3886559,2.481,3720.7031,9231.0518
3886597,2.481,3725.5859,9243.166
3886635,2.481,3647.4609,9049.3379
3886671,2.3754,3715.8203,8826.6426
3886709,2.3754,3793.9453,9012.2217
3886746,2.4018,3676.7578,8830.8955
3886784,2.2962,3720.7031,8543.6328
3886821,2.349,3774.4141,8866.207
3886859,2.4282,3696.2891,8975.3643
3886897,2.5074,3671.875,9206.8232
3886934,2.349,3750,8808.8584
3886971,2.481,3715.8203,9218.9375
3887008,2.5074,3671.875,9206.8232
3887046,2.4282,3710.9375,9010.9336
3887083,2.4018,3750,9006.8096
3887121,2.5074,3642.5781,9133.3652
3887158,2.4018,3720.7031,8936.4443
3887196,2.349,3754.8828,8820.3281
3887234,2.3754,3696.2891,8780.2471
3887270,2.2698,3701.1719,8401.0967
3887308,2.349,3769.5313,8854.7373
3887345,2.4018,3715.8203,8924.7158
3887383,2.2698,3681.6406,8356.7637
3887420,2.3754,3745.1172,8896.2344
3887458,2.3226,3750,8709.8818
3887496,2.4282,3657.2266,8880.5127
3887533,2.4282,3706.0547,8999.0771
3887570,2.349,3754.8828,8820.3281
3887607,2.4018,3671.875,8819.168
3887645,2.4546,3696.2891,9072.9219
3887682,2.5338,3740.2344,9476.9443
3887720,2.5338,3652.3438,9254.249
3887757,2.5074,3676.7578,9219.0664
3887795,2.5338,3725.5859,9439.8291
3887833,2.4546,3735.3516,9168.8047
3887869,2.2435,3671.875,8237.6846
3887907,2.2962,3750,8610.9053
3887944,2.2962,3740.2344,8588.4814
3887982,2.3226,3671.875,8528.4258
3888019,2.2962,3750,8610.9053
3888057,2.3754,3740.2344,8884.6357
3888095,2.4018,3666.9922,8807.4404
3888132,2.4546,3730.4688,9156.8193
3888169,2.4282,3720.7031,9034.6465
3888206,2.4282,3652.3438,8868.6563
3888244,2.4546,3710.9375,9108.8779
3888281,2.4282,3740.2344,9082.0732
3888319,2.4546,3652.3438,8965.0537
3888356,2.4018,3701.1719,8889.5332
3888394,2.4018,3754.8828,9018.5371
3888432,2.481,3686.5234,9146.252
3888468,2.4018,3715.8203,8924.7158
3888506,2.481,3769.5313,9352.1943
3888543,2.4018,3701.1719,8889.5332
3888581,2.3226,3691.4063,8573.79
3888618,2.4282,3725.5859,9046.5029
3888656,2.4282,3701.1719,8987.2207
3888694,2.4282,3691.4063,8963.5078
3888731,2.4546,3740.2344,9180.79
3888769,2.2962,3745.1172,8599.6934
3888805,2.349,3671.875,8625.3398
3888843,2.349,3750,8808.8584
3888880,2.2962,3710.9375,8521.209
3888918,2.4282,3676.7578,8927.9385
3888955,2.5602,3725.5859,9538.1602
3888993,2.4546,3740.2344,9180.79
3889031,2.4546,3666.9922,9001.0098
3889068,2.4282,3735.3516,9070.2168
3889105,2.4282,3764.6484,9141.3555
3889142,2.3226,3666.9922,8517.085
3889180,2.3226,3735.3516,8675.8594
3889217,2.3226,3759.7656,8732.5635
3889255,2.2962,3662.1094,8409.0879
3889293,2.349,3730.4688,8762.9785
3889330,2.4282,3745.1172,9093.9297
3889368,2.4546,3662.1094,8989.0244
3889404,2.4546,3735.3516,9168.8047
3889442,2.5338,3745.1172,9489.3164
3889479,2.4546,3676.7578,9024.9805
3889517,2.4018,3701.1719,8889.5332
3889554,2.3754,3769.5313,8954.2285
3889592,2.3754,3676.7578,8733.8525
3889630,2.2962,3706.0547,8509.9971
3889667,2.4546,3764.6484,9240.7168
3889704,2.481,3691.4063,9158.3662
3889741,2.349,3720.7031,8740.0391
3889779,2.349,3740.2344,8785.918
3889816,2.349,3662.1094,8602.4004
3889854,2.4282,3706.0547,8999.0771
3889892,2.5074,3750,9402.7139
3889929,2.4546,3657.2266,8977.0391
3889967,2.4018,3686.5234,8854.3506
3890003,2.4282,3745.1172,9093.9297
3890041,2.3754,3710.9375,8815.0439
3890078,2.3226,3662.1094,8505.7441
3890116,2.3754,3764.6484,8942.6299
3890153,2.2698,3715.8203,8434.3467
3890191,2.3226,3696.2891,8585.1309
3890229,2.3754,3769.5313,8954.2285
3890266,2.3226,3720.7031,8641.8359
3890304,2.4282,3706.0547,8999.0771
3890340,2.349,3769.5313,8854.7373
3890378,2.4018,3681.6406,8842.623
3890415,2.3754,3701.1719,8791.8457
3890453,2.4018,3759.7656,9030.2646
3890491,2.3226,3691.4063,8573.79
3890528,2.3754,3706.0547,8803.4443
3890566,2.4282,3754.8828,9117.6426
3890603,2.4018,3696.2891,8877.8057
3890640,2.4282,3676.7578,8927.9385
3890677,2.4018,3745.1172,8995.082
3890715,2.4546,3701.1719,9084.9072
3890752,2.481,3691.4063,9158.3662
3890790,2.4282,3745.1172,9093.9297
3890828,2.3754,3730.4688,8861.4385
3890865,2.3754,3671.875,8722.2539
3890903,2.349,3759.7656,8831.7979
3890939,2.2962,3725.5859,8554.8447
3890977,2.2698,3701.1719,8401.0967
3891014,2.349,3759.7656,8831.7979
3891052,2.4018,3701.1719,8889.5332
3891090,2.4018,3701.1719,8889.5332
3891127,2.481,3764.6484,9340.0801
3891165,2.4546,3691.4063,9060.9365
3891202,2.4018,3681.6406,8842.623
3891239,2.4018,3759.7656,9030.2646
3891276,2.349,3701.1719,8694.1592
3891314,2.2962,3701.1719,8498.7842
3891351,2.349,3750,8808.8584
3891389,2.349,3725.5859,8751.5088
3891427,2.2962,3715.8203,8532.4209
3891464,2.4018,3764.6484,9041.9922
3891502,2.4282,3686.5234,8951.6514
3891538,2.5602,3706.0547,9488.1572
3891576,2.481,3740.2344,9279.5088
3891613,2.4018,3662.1094,8795.7129
3891651,2.4282,3710.9375,9010.9336
3891689,2.4018,3750,9006.8096
3891726,2.4018,3696.2891,8877.8057
3891764,2.349,3691.4063,8671.2197
3891801,2.4546,3754.8828,9216.7461
3891838,2.4282,3671.875,8916.082
3891875,2.5602,3681.6406,9425.6533
3891913,2.5338,3750,9501.6885
3891950,2.5074,3691.4063,9255.7959
3891988,2.481,3681.6406,9134.1377
3892026,2.349,3745.1172,8797.3887
3892063,2.349,3720.7031,8740.0391
3892101,2.2962,3696.2891,8487.5723
3892137,2.2962,3754.8828,8622.1182
3892175,2.3754,3706.0547,8803.4443
3892212,2.4546,3701.1719,9084.9072
3892250,2.4282,3759.7656,9129.499
3892288,2.4018,3691.4063,8866.0781
3892325,2.4546,3671.875,9012.9951
3892363,2.4018,3740.2344,8983.3545
3892400,2.5338,3706.0547,9390.3408
3892438,2.481,3671.875,9109.9092
3892474,2.4546,3735.3516,9168.8047
3892512,2.3754,3759.7656,8931.0313
3892549,2.349,3666.9922,8613.8701
3892587,2.4282,3730.4688,9058.3594
3892625,2.3226,3759.7656,8732.5635
3892662,2.349,3647.4609,8567.9912
3892700,2.3754,3710.9375,8815.0439
3892737,2.5338,3735.3516,9464.5732
3892774,2.5338,3662.1094,9278.9932
3892811,2.4282,3706.0547,8999.0771
3892849,2.4546,3750,9204.7607
3892887,2.4282,3666.9922,8904.2256
3892924,2.4282,3681.6406,8939.7949
3892962,2.349,3750,8808.8584
3892999,2.349,3696.2891,8682.6895
3893037,2.3226,3686.5234,8562.4492
3893073,2.3754,3774.4141,8965.8271
3893111,2.3754,3735.3516,8873.0371
3893148,2.2962,3701.1719,8498.7842
3893186,2.2698,3764.6484,8545.1797
3893224,2.2698,3710.9375,8423.2637
3893261,2.4018,3681.6406,8842.623
3893299,2.4018,3730.4688,8959.8994
3893336,2.5074,3710.9375,9304.7686
3893373,2.5074,3666.9922,9194.5801
3893410,2.4282,3715.8203,9022.79
3893448,2.4018,3735.3516,8971.627
3893486,2.3226,3657.2266,8494.4033
3893523,2.349,3725.5859,8751.5088
3893561,2.5074,3740.2344,9378.2275
3893598,2.4546,3652.3438,8965.0537
3893636,2.4546,3715.8203,9120.8633
3893672,2.3754,3750,8907.833
3893710,2.2962,3681.6406,8453.9365
3893747,2.4018,3715.8203,8924.7158
3893785,2.3226,3754.8828,8721.2227
3893823,2.2962,3681.6406,8453.9365
3893860,2.2962,3720.7031,8543.6328
3893898,2.3754,3745.1172,8896.2344
3893935,2.4018,3662.1094,8795.7129
3893972,2.3754,3715.8203,8826.6426
3894009,2.4282,3750,9105.7861
3894047,2.5074,3652.3438,9157.8516
3894085,2.5074,3676.7578,9219.0664
3894122,2.4546,3725.5859,9144.834
3894160,2.4546,3686.5234,9048.9512
3894197,2.4282,3686.5234,8951.6514
3894235,2.3226,3735.3516,8675.8594
3894272,2.349,3720.7031,8740.0391
3894309,2.349,3676.7578,8636.8105
3894346,2.349,3745.1172,8797.3887
3894384,2.4546,3696.2891,9072.9219
3894422,2.4018,3662.1094,8795.7129
3894459,2.4282,3750,9105.7861
3894497,2.4018,3730.4688,8959.8994
3894534,2.3754,3652.3438,8675.8584
3894572,2.3754,3740.2344,8884.6357
3894608,2.4018,3740.2344,8983.3545
3894646,2.3754,3662.1094,8699.0557
3894684,2.3754,3730.4688,8861.4385
3894721,2.3754,3745.1172,8896.2344
3894759,2.3754,3676.7578,8733.8525
3894796,2.4018,3735.3516,8971.627
3894834,2.3754,3764.6484,8942.6299
3894871,2.4018,3652.3438,8772.2568
3894908,2.3754,3740.2344,8884.6357
3894945,2.4282,3745.1172,9093.9297
3894983,2.4282,3662.1094,8892.3691
3895021,2.4018,3730.4688,8959.8994
3895058,2.3754,3735.3516,8873.0371
3895096,2.5866,3647.4609,9434.417
3895133,2.5602,3696.2891,9463.1553
3895171,2.5602,3740.2344,9575.6631
3895207,2.4282,3642.5781,8844.9434
3895245,2.481,3681.6406,9134.1377
3895283,2.4282,3750,9105.7861
3895320,2.5074,3696.2891,9268.0391
3895358,2.349,3696.2891,8682.6895
3895395,2.3226,3750,8709.8818
3895433,2.2962,3720.7031,8543.6328
3895470,2.2698,3701.1719,8401.0967
3895507,2.349,3764.6484,8843.2676
3895544,2.349,3696.2891,8682.6895
3895582,2.5074,3701.1719,9280.2822
3895620,2.4546,3725.5859,9144.834
3895657,2.481,3676.7578,9122.0234
3895695,2.5074,3662.1094,9182.3369
3895732,2.4546,3730.4688,9156.8193
3895770,2.3754,3720.7031,8838.2412
3895806,2.4282,3657.2266,8880.5127
3895844,2.481,3720.7031,9231.0518
3895882,2.481,3730.4688,9255.2803
3895919,2.4546,3642.5781,8941.083
3895957,2.4282,3691.4063,8963.5078
3895994,2.5074,3740.2344,9378.2275
3896032,2.3754,3666.9922,8710.6553
3896069,2.481,3710.9375,9206.8232
3896107,2.349,3769.5313,8854.7373
3896143,2.3226,3686.5234,8562.4492
3896181,2.2962,3706.0547,8509.9971
3896219,2.349,3774.4141,8866.207
3896256,2.3754,3652.3438,8675.8584
3896294,2.481,3696.2891,9170.4805
3896331,2.4546,3740.2344,9180.79
3896369,2.5866,3652.3438,9447.0459
3896406,2.481,3691.4063,9158.3662
3896443,2.5602,3725.5859,9538.1602
3896481,2.4546,3666.9922,9001.0098
3896518,2.4546,3662.1094,8989.0244
3896556,2.4546,3735.3516,9168.8047
3896593,2.4282,3715.8203,9022.79
3896631,2.4282,3681.6406,8939.7949
3896668,2.3226,3754.8828,8721.2227
3896706,2.3226,3725.5859,8653.1768
3896742,2.4546,3681.6406,9036.9658
3896780,2.4546,3750,9204.7607
3896818,2.3754,3696.2891,8780.2471
3896855,2.4018,3691.4063,8866.0781
3896893,2.2962,3750,8610.9053
3896930,2.4018,3710.9375,8912.9883
3896968,2.5074,3647.4609,9145.6084
3897005,2.4282,3725.5859,9046.5029
3897042,2.481,3681.6406,9134.1377
3897080,2.481,3666.9922,9097.7949
3897117,2.481,3710.9375,9206.8232
3897155,2.4546,3725.5859,9144.834
3897192,2.4018,3652.3438,8772.2568
3897230,2.4018,3725.5859,8948.1719
3897267,2.4546,3740.2344,9180.79
3897305,2.3226,3642.5781,8460.3799
3897341,2.349,3764.6484,8843.2676
3897379,2.3754,3750,8907.833
3897417,2.4018,3666.9922,8807.4404
3897454,2.349,3740.2344,8785.918
3897492,2.4546,3735.3516,9168.8047
3897529,2.4282,3657.2266,8880.5127
3897567,2.4546,3706.0547,9096.8926
3897604,2.481,3715.8203,9218.9375
3897641,2.5338,3642.5781,9229.5049
3897679,2.5338,3730.4688,9452.2012
3897716,2.481,3745.1172,9291.623
3897754,2.3754,3642.5781,8652.6611
3897791,2.349,3706.0547,8705.6289
3897829,2.4546,3754.8828,9216.7461
3897866,2.4018,3671.875,8819.168
3897904,2.4018,3715.8203,8924.7158
3897940,2.3754,3769.5313,8954.2285
3897978,2.4018,3666.9922,8807.4404
3898016,2.5074,3710.9375,9304.7686
3898053,2.3754,3745.1172,8896.2344
3898091,2.4018,3681.6406,8842.623
3898128,2.481,3676.7578,9122.0234
3898166,2.5074,3720.7031,9329.2549
3898203,2.5602,3701.1719,9475.6563
3898241,2.481,3652.3438,9061.4521
3898278,2.5338,3720.7031,9427.457
3898315,2.5602,3735.3516,9563.1621
3898353,2.4282,3637.6953,8833.0869
3898390,2.4546,3710.9375,9108.8779
3898428,2.4282,3754.8828,9117.6426
3898465,2.4018,3671.875,8819.168
3898503,2.4018,3706.0547,8901.2607
3898540,2.349,3759.7656,8831.7979
3898577,2.3226,3657.2266,8494.4033
3898615,2.3754,3730.4688,8861.4385
3898652,2.5074,3750,9402.7139
3898690,2.4282,3652.3438,8868.6563
3898727,2.4018,3730.4688,8959.8994
3898765,2.349,3754.8828,8820.3281
3898802,2.4282,3637.6953,8833.0869
3898840,2.4018,3715.8203,8924.7158
3898877,2.5074,3730.4688,9353.7412
3898914,2.5074,3652.3438,9157.8516
3898952,2.481,3706.0547,9194.709
3898989,2.4546,3740.2344,9180.79
3899027,2.5338,3686.5234,9340.8525
3899064,2.4546,3681.6406,9036.9658
3899102,2.5074,3730.4688,9353.7412
3899139,2.4282,3706.0547,8999.0771
3899176,2.4282,3691.4063,8963.5078
3899214,2.4282,3764.6484,9141.3555
3899251,2.349,3710.9375,8717.0996
3899289,2.4018,3666.9922,8807.4404
3899326,2.4018,3750,9006.8096
3899364,2.5074,3720.7031,9329.2549
3899401,2.4546,3676.7578,9024.9805
3899439,2.481,3740.2344,9279.5088
3899476,2.481,3686.5234,9146.252
3899513,2.5338,3706.0547,9390.3408
3899551,2.4546,3725.5859,9144.834
3899588,2.4282,3735.3516,9070.2168
3899626,2.4018,3676.7578,8830.8955
3899663,2.481,3720.7031,9231.0518
3899701,2.4546,3735.3516,9168.8047
3899738,2.4546,3666.9922,9001.0098
3899776,2.5338,3701.1719,9377.9688
3899813,2.4546,3715.8203,9120.8633
3899850,2.4282,3686.5234,8951.6514
3899888,2.5074,3681.6406,9231.3096
3899925,2.4546,3750,9204.7607
3899963,2.4018,3696.2891,8877.8057
3900000,2.4546,3686.5234,9048.9512
3900038,2.349,3740.2344,8785.918
3900076,2.3754,3725.5859,8849.8398
3900112,2.4546,3676.7578,9024.9805
3900150,2.481,3720.7031,9231.0518
3900187,2.481,3720.7031,9231.0518
3900225,2.5074,3686.5234,9243.5527
3900262,2.4546,3710.9375,9108.8779
3900300,2.3754,3745.1172,8896.2344
3900337,2.4018,3662.1094,8795.7129
3900375,2.4018,3710.9375,8912.9883
3900412,2.4282,3754.8828,9117.6426
3900449,2.4282,3662.1094,8892.3691
3900487,2.5074,3706.0547,9292.5254
3900524,2.481,3754.8828,9315.8516
3900562,2.4018,3671.875,8819.168
3900599,2.3754,3686.5234,8757.0498
3900637,2.4282,3759.7656,9129.499
3900675,2.4018,3710.9375,8912.9883
3900711,2.2962,3696.2891,8487.5723
3900749,2.2962,3769.5313,8655.7539
3900786,2.4282,3706.0547,8999.0771
3900824,2.4546,3696.2891,9072.9219
3900861,2.3754,3745.1172,8896.2344
3900899,2.4282,3671.875,8916.082
3900936,2.5074,3681.6406,9231.3096
3900974,2.4546,3720.7031,9132.8486
3901011,2.5074,3710.9375,9304.7686
3901048,2.4282,3662.1094,8892.3691
3901086,2.5074,3720.7031,9329.2549
3901123,2.4546,3745.1172,9192.7754
3901161,2.481,3642.5781,9037.2236
3901198,2.4282,3720.7031,9034.6465
3901236,2.481,3754.8828,9315.8516
3901274,2.349,3686.5234,8659.75
3901310,2.4282,3730.4688,9058.3594
3901348,2.349,3754.8828,8820.3281
3901385,2.4018,3671.875,8819.168
3901423,2.4018,3701.1719,8889.5332
3901460,2.4282,3745.1172,9093.9297
3901498,2.4282,3686.5234,8951.6514
3901535,2.4546,3671.875,9012.9951
3901573,2.3754,3740.2344,8884.6357
3901611,2.4282,3735.3516,9070.2168
3901647,2.481,3647.4609,9049.3379
3901685,2.4546,3706.0547,9096.8926
3901722,2.3754,3754.8828,8919.4326
3901760,2.4282,3627.9297,8809.373
3901797,2.4282,3676.7578,8927.9385
3901835,2.4546,3750,9204.7607
3901873,2.5338,3696.2891,9365.5967
3901910,2.481,3671.875,9109.9092
3901947,2.4546,3740.2344,9180.79
3901984,2.3754,3720.7031,8838.2412
3902022,2.4282,3657.2266,8880.5127
3902059,2.4282,3710.9375,9010.9336
3902097,2.4546,3745.1172,9192.7754
3902134,2.4018,3657.2266,8783.9854
3902172,2.481,3715.8203,9218.9375
3902210,2.3754,3754.8828,8919.4326
3902246,2.4018,3676.7578,8830.8955
3902284,2.4018,3696.2891,8877.8057
3902321,2.3226,3769.5313,8755.2461
3902359,2.4546,3691.4063,9060.9365
3902396,2.481,3662.1094,9085.6807
3902434,2.4018,3745.1172,8995.082
3902472,2.3754,3720.7031,8838.2412
3902509,2.481,3662.1094,9085.6807
3902546,2.4018,3710.9375,8912.9883
3902583,2.481,3745.1172,9291.623
3902621,2.4282,3691.4063,8963.5078
3902658,2.481,3701.1719,9182.5947
3902696,2.4282,3730.4688,9058.3594
3902733,2.4018,3720.7031,8936.4443
3902771,2.5602,3647.4609,9338.1465
3902809,2.481,3701.1719,9182.5947
3902845,2.5602,3740.2344,9575.6631
3902883,2.5074,3686.5234,9243.5527
3902920,2.4018,3662.1094,8795.7129
3902958,2.4546,3725.5859,9144.834
3902995,2.3754,3730.4688,8861.4385
3903033,2.3754,3637.6953,8641.0625
3903071,2.3754,3735.3516,8873.0371
3903108,2.3754,3740.2344,8884.6357
3903145,2.4282,3652.3438,8868.6563
3903182,2.5074,3710.9375,9304.7686
3903220,2.4546,3745.1172,9192.7754
3903257,2.4282,3676.7578,8927.9385
3903295,2.481,3676.7578,9122.0234
3903332,2.4546,3725.5859,9144.834
3903370,2.481,3691.4063,9158.3662
3903408,2.5338,3642.5781,9229.5049
3903444,2.4282,3701.1719,8987.2207
3903482,2.4018,3730.4688,8959.8994
3903519,2.4546,3652.3438,8965.0537
3903557,2.4282,3691.4063,8963.5078
3903594,2.5074,3740.2344,9378.2275
3903632,2.5074,3710.9375,9304.7686
3903670,2.4018,3686.5234,8854.3506
3903707,2.349,3730.4688,8762.9785
3903745,2.3226,3710.9375,8619.1543
3903781,2.349,3681.6406,8648.2803
3903819,2.349,3725.5859,8751.5088
3903856,2.3226,3720.7031,8641.8359
3903894,2.4282,3671.875,8916.082
3903931,2.481,3730.4688,9255.2803
3903969,2.5074,3735.3516,9365.9844
3904007,2.5338,3647.4609,9241.877
3904044,2.481,3696.2891,9170.4805
3904081,2.4018,3735.3516,8971.627
3904118,2.4018,3686.5234,8854.3506
3904156,2.4282,3676.7578,8927.9385
3904193,2.481,3735.3516,9267.3945
3904231,2.481,3725.5859,9243.166
3904269,2.349,3662.1094,8602.4004
3904306,2.349,3715.8203,8728.5693
3904344,2.4282,3754.8828,9117.6426
3904380,2.3754,3632.8125,8629.4639
3904418,2.4282,3715.8203,9022.79
3904455,2.4018,3750,9006.8096
3904493,2.4546,3666.9922,9001.0098
3904530,2.4546,3696.2891,9072.9219
3904568,2.5338,3745.1172,9489.3164
3904606,2.4018,3681.6406,8842.623
3904643,2.481,3681.6406,9134.1377
3904680,2.4546,3720.7031,9132.8486
3904717,2.481,3715.8203,9218.9375
3904755,2.481,3642.5781,9037.2236
3904792,2.481,3701.1719,9182.5947
3904830,2.4282,3735.3516,9070.2168
3904868,2.4546,3666.9922,9001.0098
3904905,2.5602,3681.6406,9425.6533
3904943,2.4282,3745.1172,9093.9297
3904979,2.5338,3710.9375,9402.7129
3905017,2.3226,3691.4063,8573.79
3905054,2.3754,3745.1172,8896.2344
3905092,2.349,3701.1719,8694.1592
3905129,2.4546,3691.4063,9060.9365
3905167,2.481,3750,9303.7373
3905205,2.481,3740.2344,9279.5088
3905242,2.5074,3657.2266,9170.0947
3905280,2.5074,3706.0547,9292.5254
3905316,2.5338,3730.4688,9452.2012
3905354,2.4282,3647.4609,8856.7998
3905391,2.5074,3696.2891,9268.0391
3905429,2.4282,3750,9105.7861
3905467,2.4546,3696.2891,9072.9219
3905504,2.481,3676.7578,9122.0234
3905542,2.3226,3745.1172,8698.541
3905579,2.3754,3676.7578,8733.8525
3905616,2.4282,3662.1094,8892.3691
3905653,2.5074,3730.4688,9353.7412
3905691,2.4282,3710.9375,9010.9336
3905728,2.5074,3657.2266,9170.0947
3905766,2.4546,3710.9375,9108.8779
3905804,2.481,3725.5859,9243.166
3905841,2.481,3647.4609,9049.3379
3905879,2.4282,3671.875,8916.082
3905915,2.481,3735.3516,9267.3945
3905953,2.3754,3701.1719,8791.8457
3905990,2.3754,3686.5234,8757.0498
3906028,2.3226,3730.4688,8664.5176
3906066,2.3754,3730.4688,8861.4385
3906103,2.4282,3691.4063,8963.5078
3906141,2.481,3759.7656,9327.9658
3906178,2.4282,3696.2891,8975.3643
3906215,2.4018,3662.1094,8795.7129
3906252,2.5074,3725.5859,9341.498
3906290,2.481,3701.1719,9182.5947
3906327,2.5338,3662.1094,9278.9932
3906365,2.5338,3701.1719,9377.9688
3906403,2.5074,3740.2344,9378.2275
3906440,2.481,3642.5781,9037.2236
3906478,2.481,3686.5234,9146.252
3906514,2.349,3750,8808.8584
3906552,2.349,3676.7578,8636.8105
3906589,2.349,3725.5859,8751.5088
3906627,2.3226,3740.2344,8687.2002
3906665,2.3754,3652.3438,8675.8584
3906702,2.4018,3720.7031,8936.4443
3906740,2.5074,3750,9402.7139
3906777,2.5074,3671.875,9206.8232
3906814,2.4546,3686.5234,9048.9512
3906851,2.5074,3735.3516,9365.9844
3906889,2.5338,3676.7578,9316.1094
3906926,2.481,3662.1094,9085.6807
3906964,2.4018,3715.8203,8924.7158
3907002,2.4282,3701.1719,8987.2207
3907039,2.4018,3686.5234,8854.3506
3907077,2.4018,3730.4688,8959.8994
3907113,2.4546,3720.7031,9132.8486
3907151,2.4018,3671.875,8819.168
3907188,2.3226,3750,8709.8818
3907226,2.3754,3701.1719,8791.8457
3907264,2.4282,3662.1094,8892.3691
3907301,2.4018,3740.2344,8983.3545
3907339,2.4018,3676.7578,8830.8955
3907376,2.5602,3666.9922,9388.1504
3907414,2.481,3715.8203,9218.9375
3907450,2.5074,3715.8203,9317.0117
3907488,2.5074,3647.4609,9145.6084
3907525,2.5074,3710.9375,9304.7686
3907563,2.5338,3720.7031,9427.457
3907601,2.4018,3662.1094,8795.7129
3907638,2.4018,3706.0547,8901.2607
3907676,2.5074,3769.5313,9451.6855
3907713,2.3754,3662.1094,8699.0557
3907750,2.4018,3730.4688,8959.8994
3907787,2.4546,3745.1172,9192.7754
3907825,2.3754,3652.3438,8675.8584
3907863,2.4282,3720.7031,9034.6465
3907900,2.4282,3750,9105.7861
3907938,2.4282,3657.2266,8880.5127
3907975,2.4546,3735.3516,9168.8047
3908013,2.481,3745.1172,9291.623
3908049,2.5074,3647.4609,9145.6084
3908087,2.4546,3671.875,9012.9951
3908124,2.481,3745.1172,9291.623
3908162,2.4546,3681.6406,9036.9658
3908200,2.5338,3662.1094,9278.9932
3908237,2.4018,3730.4688,8959.8994
3908275,2.4282,3730.4688,9058.3594
3908312,2.4282,3627.9297,8809.373
3908349,2.3754,3730.4688,8861.4385
3908386,2.3226,3745.1172,8698.541
3908424,2.349,3657.2266,8590.9307
3908462,2.3226,3735.3516,8675.8594
3908499,2.4282,3750,9105.7861
3908537,2.5074,3657.2266,9170.0947
3908574,2.3754,3735.3516,8873.0371
3908612,2.4546,3740.2344,9180.79
3908648,2.481,3627.9297,9000.8809
3908686,2.4546,3715.8203,9120.8633
3908723,2.481,3730.4688,9255.2803
3908761,2.4282,3642.5781,8844.9434
3908799,2.5074,3666.9922,9194.5801
3908836,2.5074,3735.3516,9365.9844
3908874,2.481,3706.0547,9194.709
3908911,2.4282,3657.2266,8880.5127
3908948,2.3226,3720.7031,8641.8359
3908985,2.3754,3740.2344,8884.6357
3909023,2.3226,3652.3438,8483.0625
3909061,2.4282,3730.4688,9058.3594
3909098,2.4018,3754.8828,9018.5371
3909136,2.349,3666.9922,8613.8701
3909173,2.3226,3730.4688,8664.5176
3909211,2.3754,3764.6484,8942.6299
3909248,2.4282,3647.4609,8856.7998
3909285,2.4282,3701.1719,8987.2207
3909322,2.5074,3735.3516,9365.9844
3909360,2.5602,3637.6953,9313.1455
3909398,2.4282,3686.5234,8951.6514
3909435,2.4282,3735.3516,9070.2168
3909473,2.481,3652.3438,9061.4521
3909510,2.4546,3657.2266,8977.0391
3909548,2.4546,3735.3516,9168.8047
3909584,2.349,3681.6406,8648.2803
3909622,2.3754,3671.875,8722.2539
3909660,2.349,3745.1172,8797.3887
3909697,2.4282,3671.875,8916.082
3909735,2.349,3701.1719,8694.1592
3909772,2.4546,3750,9204.7607
3909810,2.4282,3666.9922,8904.2256
3909847,2.3754,3706.0547,8803.4443
3909884,2.4546,3745.1172,9192.7754
3909921,2.4018,3652.3438,8772.2568
3909959,2.4546,3696.2891,9072.9219
3909997,2.4546,3754.8828,9216.7461
3910034,2.5338,3632.8125,9204.7607
3910072,2.4018,3710.9375,8912.9883
3910109,2.4282,3740.2344,9082.0732
3910147,2.481,3657.2266,9073.5664
3910183,2.5074,3701.1719,9280.2822
3910221,2.4018,3745.1172,8995.082
3910259,2.3226,3662.1094,8505.7441
3910296,2.4018,3691.4063,8866.0781
3910334,2.4018,3750,9006.8096
3910371,2.4546,3642.5781,8941.083
3910409,2.5338,3701.1719,9377.9688
3910446,2.5338,3740.2344,9476.9443
3910483,2.4546,3647.4609,8953.0684
3910520,2.4546,3696.2891,9072.9219
3910558,2.4546,3715.8203,9120.8633
3910596,2.5338,3662.1094,9278.9932
3910633,2.4546,3676.7578,9024.9805
3910671,2.4282,3730.4688,9058.3594
3910708,2.4546,3676.7578,9024.9805
3910746,2.4018,3691.4063,8866.0781
3910782,2.4018,3754.8828,9018.5371
3910820,2.4282,3681.6406,8939.7949
3910858,2.349,3691.4063,8671.2197
3910895,2.4282,3735.3516,9070.2168
3910933,2.4018,3657.2266,8783.9854
3910970,2.5074,3681.6406,9231.3096
3911008,2.481,3730.4688,9255.2803
3911045,2.3754,3666.9922,8710.6553
3911083,2.4282,3701.1719,8987.2207
3911119,2.4018,3740.2344,8983.3545
3911157,2.4018,3666.9922,8807.4404
3911195,2.349,3701.1719,8694.1592
3911232,2.3226,3759.7656,8732.5635
3911270,2.4018,3657.2266,8783.9854
3911307,2.4018,3725.5859,8948.1719
3911345,2.4546,3750,9204.7607
3911382,2.4546,3657.2266,8977.0391
3911419,2.3754,3720.7031,8838.2412
3911457,2.4546,3745.1172,9192.7754
3911494,2.5074,3666.9922,9194.5801
3911532,2.4282,3725.5859,9046.5029
3911569,2.4282,3730.4688,9058.3594
3911607,2.4282,3666.9922,8904.2256
3911644,2.481,3735.3516,9267.3945
3911682,2.3754,3735.3516,8873.0371
3911718,2.4018,3671.875,8819.168
3911756,2.4282,3706.0547,8999.0771
3911794,2.5074,3701.1719,9280.2822
3911831,2.5338,3637.6953,9217.1328
3911869,2.4546,3720.7031,9132.8486
3911906,2.4018,3740.2344,8983.3545
3911944,2.4546,3642.5781,8941.083
3911981,2.3754,3735.3516,8873.0371
3912018,2.4018,3730.4688,8959.8994
3912056,2.4546,3657.2266,8977.0391
3912093,2.349,3710.9375,8717.0996
3912131,2.4282,3735.3516,9070.2168
3912168,2.4018,3647.4609,8760.5293
3912206,2.5602,3720.7031,9525.6602
3912243,2.4546,3735.3516,9168.8047
3912281,2.4018,3637.6953,8737.0742
3912317,2.4282,3691.4063,8963.5078
3912355,2.481,3730.4688,9255.2803
3912393,2.4546,3642.5781,8941.083
3912430,2.4282,3706.0547,8999.0771
3912468,2.4546,3759.7656,9228.7314
3912505,2.2962,3662.1094,8409.0879
3912543,2.4018,3740.2344,8983.3545
3912580,2.4018,3745.1172,8995.082
3912617,2.4018,3652.3438,8772.2568
3912655,2.4546,3730.4688,9156.8193
3912692,2.5602,3750,9600.665
3912730,2.613,3627.9297,9479.6523
3912767,2.481,3686.5234,9146.252
3912805,2.4018,3750,9006.8096
3912842,2.4018,3686.5234,8854.3506
3912880,2.481,3676.7578,9122.0234
3912916,2.2962,3759.7656,8633.3301
3912954,2.3226,3691.4063,8573.79
3912992,2.4282,3720.7031,9034.6465
3913029,2.3226,3754.8828,8721.2227
3913067,2.4018,3652.3438,8772.2568
3913104,2.4282,3710.9375,9010.9336
3913142,2.4546,3740.2344,9180.79
3913179,2.4018,3662.1094,8795.7129
3913217,2.5074,3691.4063,9255.7959
3913254,2.5074,3715.8203,9317.0117
3913291,2.5338,3647.4609,9241.877
3913329,2.5074,3662.1094,9182.3369
3913366,2.5602,3730.4688,9550.6611
3913404,2.4018,3706.0547,8901.2607
3913441,2.3754,3681.6406,8745.4512
3913479,2.4546,3730.4688,9156.8193
3913516,2.3226,3706.0547,8607.8125
3913553,2.4018,3681.6406,8842.623
3913591,2.3226,3730.4688,8664.5176
3913628,2.4018,3691.4063,8866.0781
3913666,2.4018,3686.5234,8854.3506
3913703,2.481,3750,9303.7373
3913741,2.481,3691.4063,9158.3662
3913778,2.4546,3676.7578,9024.9805
3913816,2.4546,3735.3516,9168.8047
3913853,2.4546,3715.8203,9120.8633
3913890,2.4282,3657.2266,8880.5127
3913928,2.4546,3715.8203,9120.8633
3913965,2.481,3725.5859,9243.166
3914003,2.5074,3662.1094,9182.3369
3914040,2.4018,3740.2344,8983.3545
3914078,2.3754,3735.3516,8873.0371
3914115,2.349,3662.1094,8602.4004
3914152,2.3754,3730.4688,8861.4385
3914190,2.4282,3725.5859,9046.5029
3914227,2.4282,3666.9922,8904.2256
3914265,2.5866,3710.9375,9598.6035
3914302,2.5602,3735.3516,9563.1621
3914340,2.481,3632.8125,9012.9951
3914377,2.5074,3686.5234,9243.5527
3914415,2.481,3710.9375,9206.8232
3914452,2.481,3647.4609,9049.3379
3914489,2.5074,3696.2891,9268.0391
3914527,2.4546,3754.8828,9216.7461
3914564,2.3226,3652.3438,8483.0625
3914602,2.3754,3676.7578,8733.8525
3914639,2.4546,3764.6484,9240.7168
3914677,2.349,3647.4609,8567.9912
3914714,2.481,3701.1719,9182.5947
3914752,2.4282,3750,9105.7861
3914789,2.4282,3662.1094,8892.3691
3914826,2.4546,3701.1719,9084.9072
3914864,2.4546,3735.3516,9168.8047
3914901,2.4282,3657.2266,8880.5127
3914939,2.5338,3666.9922,9291.3652
3914976,2.4282,3740.2344,9082.0732
3915014,2.4282,3666.9922,8904.2256
3915052,2.3226,3671.875,8528.4258
3915088,2.349,3764.6484,8843.2676
3915126,2.4018,3652.3438,8772.2568
3915163,2.4282,3686.5234,8951.6514
3915201,2.4546,3754.8828,9216.7461
3915238,2.4018,3642.5781,8748.8018
3915276,2.349,3720.7031,8740.0391
3915313,2.4546,3715.8203,9120.8633
3915351,2.4018,3637.6953,8737.0742
3915388,2.481,3701.1719,9182.5947
3915425,2.5074,3710.9375,9304.7686
3915463,2.4018,3662.1094,8795.7129
3915500,2.5602,3715.8203,9513.1592
3915538,2.4018,3701.1719,8889.5332
3915575,2.5074,3637.6953,9121.1221
3915613,2.5074,3730.4688,9353.7412
3915651,2.5338,3691.4063,9353.2246
3915687,2.481,3666.9922,9097.7949
3915725,2.3226,3725.5859,8653.1768
3915762,2.3754,3701.1719,8791.8457
3915800,2.481,3706.0547,9194.709
3915837,2.3754,3774.4141,8965.8271
3915875,2.3754,3662.1094,8699.0557
3915912,2.4546,3701.1719,9084.9072
3915950,2.4018,3725.5859,8948.1719
3915987,2.4282,3647.4609,8856.7998
3916024,2.4546,3701.1719,9084.9072
3916062,2.5338,3730.4688,9452.2012
3916099,2.481,3598.6328,8928.1963
3916137,2.481,3686.5234,9146.252
3916174,2.3754,3725.5859,8849.8398
3916212,2.4018,3671.875,8819.168
3916250,2.349,3725.5859,8751.5088
3916286,2.349,3725.5859,8751.5088
3916324,2.4018,3671.875,8819.168
3916361,2.2962,3769.5313,8655.7539
3916399,2.2962,3666.9922,8420.2998
3916436,2.3754,3701.1719,8791.8457
3916474,2.4282,3750,9105.7861
3916511,2.3754,3642.5781,8652.6611
3916549,2.481,3720.7031,9231.0518
3916587,2.4546,3710.9375,9108.8779
3916623,2.5338,3627.9297,9192.3887
3916661,2.5074,3720.7031,9329.2549
3916698,2.5074,3701.1719,9280.2822
3916736,2.5866,3657.2266,9459.6758
3916773,2.5602,3725.5859,9538.1602
3916811,2.4018,3706.0547,8901.2607
3916849,2.481,3681.6406,9134.1377
3916886,2.3754,3745.1172,8896.2344
3916923,2.3754,3691.4063,8768.6484
3916960,2.349,3691.4063,8671.2197
3916998,2.3754,3754.8828,8919.4326
3917035,2.3226,3666.9922,8517.085
3917073,2.3226,3725.5859,8653.1768
3917110,2.4018,3754.8828,9018.5371
3917148,2.4018,3642.5781,8748.8018
3917186,2.4282,3715.8203,9022.79
3917222,2.5338,3725.5859,9439.8291
3917260,2.481,3652.3438,9061.4521
3917297,2.4546,3725.5859,9144.834
3917335,2.4546,3691.4063,9060.9365
3917372,2.481,3637.6953,9025.1094
3917410,2.4546,3715.8203,9120.8633
3917448,2.481,3725.5859,9243.166
3917485,2.4282,3652.3438,8868.6563
3917522,2.3754,3720.7031,8838.2412
3917559,2.3754,3740.2344,8884.6357
3917597,2.3226,3676.7578,8539.7666
3917634,2.3226,3735.3516,8675.8594
3917672,2.4018,3696.2891,8877.8057
3917709,2.4018,3676.7578,8830.8955
3917747,2.4546,3740.2344,9180.79
3917785,2.4546,3666.9922,9001.0098
3917821,2.4546,3666.9922,9001.0098
3917859,2.4282,3730.4688,9058.3594
3917896,2.4282,3671.875,8916.082
3917934,2.4018,3691.4063,8866.0781
3917971,2.5074,3725.5859,9341.498
3918009,2.5074,3652.3438,9157.8516
3918047,2.4546,3706.0547,9096.8926
3918084,2.5602,3754.8828,9613.166
3918121,2.349,3662.1094,8602.4004
3918158,2.3754,3710.9375,8815.0439
3918196,2.349,3759.7656,8831.7979
3918233,2.2435,3666.9922,8226.7295
3918271,2.3226,3740.2344,8687.2002
3918308,2.2962,3715.8203,8532.4209
3918346,2.3226,3666.9922,8517.085
3918384,2.3754,3715.8203,8826.6426
3918420,2.4018,3706.0547,8901.2607
3918458,2.481,3657.2266,9073.5664
3918495,2.4546,3715.8203,9120.8633
3918533,2.4546,3686.5234,9048.9512
3918570,2.5338,3627.9297,9192.3887
3918608,2.481,3720.7031,9231.0518
3918646,2.4282,3720.7031,9034.6465
3918683,2.3754,3637.6953,8641.0625
3918721,2.481,3720.7031,9231.0518
3918757,2.4546,3740.2344,9180.79
3918795,2.3754,3657.2266,8687.457
3918832,2.4018,3735.3516,8971.627
3918870,2.4018,3715.8203,8924.7158
3918907,2.3754,3681.6406,8745.4512
3918945,2.4018,3745.1172,8995.082
3918983,2.349,3691.4063,8671.2197
3919020,2.4282,3696.2891,8975.3643
3919057,2.481,3740.2344,9279.5088
3919094,2.4282,3681.6406,8939.7949
3919132,2.4546,3676.7578,9024.9805
3919169,2.5338,3701.1719,9377.9688
3919207,2.5602,3686.5234,9438.1533
3919245,2.5866,3637.6953,9409.1572
3919282,2.5338,3720.7031,9427.457
3919320,2.4546,3720.7031,9132.8486
3919356,2.3754,3657.2266,8687.457
3919394,2.4282,3725.5859,9046.5029
3919431,2.481,3715.8203,9218.9375
3919469,2.2962,3681.6406,8453.9365
3919506,2.3226,3764.6484,8743.9053
3919544,2.3226,3696.2891,8585.1309
3919582,2.4018,3681.6406,8842.623
3919619,2.4546,3735.3516,9168.8047
3919656,2.4282,3686.5234,8951.6514
3919693,2.4282,3657.2266,8880.5127
3919731,2.4282,3735.3516,9070.2168
3919768,2.5338,3691.4063,9353.2246
3919806,2.481,3657.2266,9073.5664
3919844,2.4282,3730.4688,9058.3594
3919881,2.4018,3701.1719,8889.5332
3919919,2.4546,3666.9922,9001.0098
3919955,2.4546,3715.8203,9120.8633
3919993,2.613,3710.9375,9696.5488
3920030,2.4018,3623.0469,8701.8916
3920068,2.481,3730.4688,9255.2803
3920105,2.349,3720.7031,8740.0391
3920143,2.349,3676.7578,8636.8105
3920181,2.3754,3750,8907.833
3920218,2.349,3686.5234,8659.75
3920256,2.4018,3706.0547,8901.2607
3920292,2.5338,3745.1172,9489.3164
3920330,2.5338,3647.4609,9241.877
3920367,2.5338,3681.6406,9328.4805
3920405,2.5602,3735.3516,9563.1621
3920443,2.4282,3642.5781,8844.9434
3920480,2.4546,3681.6406,9036.9658
3920518,2.5866,3745.1172,9687.0117
3920555,2.481,3662.1094,9085.6807
3920592,2.4282,3696.2891,8975.3643
3920629,2.3754,3759.7656,8931.0313
3920667,2.4018,3676.7578,8830.8955
3920704,2.349,3725.5859,8751.5088
3920742,2.3226,3745.1172,8698.541
3920780,2.3226,3657.2266,8494.4033
3920817,2.3226,3745.1172,8698.541
3920855,2.3754,3686.5234,8757.0498
3920891,2.5074,3681.6406,9231.3096
3920929,2.4546,3754.8828,9216.7461
3920966,2.5074,3652.3438,9157.8516
3921004,2.5602,3671.875,9400.6514
3921042,2.4546,3730.4688,9156.8193
3921079,2.5074,3671.875,9206.8232
3921117,2.5074,3666.9922,9194.5801
3921154,2.4546,3725.5859,9144.834
3921191,2.4282,3652.3438,8868.6563
3921228,2.4018,3691.4063,8866.0781
3921266,2.481,3735.3516,9267.3945
3921303,2.4546,3657.2266,8977.0391
3921341,2.4546,3691.4063,9060.9365
3921379,2.4282,3750,9105.7861
3921416,2.4282,3632.8125,8821.2305
3921454,2.4018,3696.2891,8877.8057
3921490,2.4546,3730.4688,9156.8193
3921528,2.5074,3642.5781,9133.3652
3921565,2.4282,3706.0547,8999.0771
3921603,2.481,3710.9375,9206.8232
3921641,2.3754,3642.5781,8652.6611
3921678,2.4282,3715.8203,9022.79
3921716,2.4018,3715.8203,8924.7158
3921753,2.4282,3657.2266,8880.5127
3921790,2.4282,3745.1172,9093.9297
3921827,2.3754,3691.4063,8768.6484
3921865,2.349,3691.4063,8671.2197
3921902,2.481,3730.4688,9255.2803
3921940,2.349,3696.2891,8682.6895
3921978,2.4282,3652.3438,8868.6563
3922015,2.349,3740.2344,8785.918
3922053,2.3754,3676.7578,8733.8525
3922089,2.4282,3671.875,8916.082
3922127,2.481,3715.8203,9218.9375
3922164,2.481,3642.5781,9037.2236
3922202,2.4546,3686.5234,9048.9512
3922240,2.4546,3730.4688,9156.8193
3922277,2.4282,3652.3438,8868.6563
3922315,2.5338,3676.7578,9316.1094
3922352,2.3754,3759.7656,8931.0313
3922390,2.4018,3647.4609,8760.5293
3922426,2.4282,3710.9375,9010.9336
3922464,2.349,3754.8828,8820.3281
3922501,2.3226,3662.1094,8505.7441
3922539,2.4546,3715.8203,9120.8633
3922577,2.5338,3725.5859,9439.8291
3922614,2.481,3647.4609,9049.3379
3922652,2.481,3696.2891,9170.4805
3922689,2.5074,3706.0547,9292.5254
3922726,2.5866,3642.5781,9421.7871
3922763,2.5602,3691.4063,9450.6543
3922801,2.481,3715.8203,9218.9375
3922839,2.5074,3618.1641,9072.1494
3922876,2.481,3715.8203,9218.9375
3922914,2.481,3730.4688,9255.2803
3922951,2.481,3627.9297,9000.8809
3922989,2.5074,3701.1719,9280.2822
3923025,2.349,3735.3516,8774.4482
3923063,2.4282,3662.1094,8892.3691
3923100,2.2698,3759.7656,8534.0957
3923138,2.349,3701.1719,8694.1592
3923176,2.4282,3720.7031,9034.6465
3923213,2.349,3759.7656,8831.7979
3923251,2.481,3671.875,9109.9092
3923288,2.4546,3666.9922,9001.0098
3923325,2.481,3740.2344,9279.5088
3923362,2.4282,3662.1094,8892.3691
3923400,2.5338,3666.9922,9291.3652
3923438,2.613,3720.7031,9722.0654
3923475,2.5074,3686.5234,9243.5527
3923513,2.481,3666.9922,9097.7949
3923550,2.5074,3730.4688,9353.7412
3923588,2.5074,3715.8203,9317.0117
3923624,2.349,3676.7578,8636.8105
3923662,2.3226,3740.2344,8687.2002
3923699,2.3754,3681.6406,8745.4512
3923737,2.4282,3691.4063,8963.5078
3923775,2.4546,3720.7031,9132.8486
3923812,2.3754,3642.5781,8652.6611
3923850,2.4546,3706.0547,9096.8926
3923887,2.4018,3730.4688,8959.8994
3923924,2.4282,3652.3438,8868.6563
3923961,2.5866,3681.6406,9522.8252
3923999,2.5338,3725.5859,9439.8291
3924037,2.481,3632.8125,9012.9951
3924074,2.481,3676.7578,9122.0234
3924112,2.4546,3745.1172,9192.7754
3924149,2.3754,3632.8125,8629.4639
3924187,2.4018,3696.2891,8877.8057
3924224,2.481,3735.3516,9267.3945
3924261,2.4018,3652.3438,8772.2568
3924298,2.5074,3686.5234,9243.5527
3924336,2.3754,3754.8828,8919.4326
3924374,2.5074,3637.6953,9121.1221
3924411,2.3754,3696.2891,8780.2471
3924449,2.3754,3764.6484,8942.6299
3924486,2.2698,3627.9297,8234.8486
3924524,2.3754,3735.3516,8873.0371
3924560,2.4282,3725.5859,9046.5029
3924598,2.4018,3647.4609,8760.5293
3924636,2.481,3706.0547,9194.709
3924673,2.481,3715.8203,9218.9375
3924711,2.481,3647.4609,9049.3379
3924748,2.481,3710.9375,9206.8232
3924786,2.4546,3720.7031,9132.8486
3924823,2.4018,3623.0469,8701.8916
3924860,2.481,3710.9375,9206.8232
3924897,2.4282,3715.8203,9022.79
3924935,2.5074,3671.875,9206.8232
3924973,2.4018,3720.7031,8936.4443
3925010,2.4546,3691.4063,9060.9365
3925048,2.4546,3666.9922,9001.0098
3925085,2.349,3735.3516,8774.4482
3925123,2.4282,3686.5234,8951.6514
3925159,2.4018,3671.875,8819.168
3925197,2.4018,3735.3516,8971.627
3925235,2.4282,3652.3438,8868.6563
3925272,2.5338,3691.4063,9353.2246
3925310,2.4546,3740.2344,9180.79
3925347,2.4546,3647.4609,8953.0684
3925385,2.5602,3691.4063,9450.6543
3925422,2.481,3745.1172,9291.623
3925459,2.5338,3642.5781,9229.5049
3925496,2.5074,3696.2891,9268.0391
3925534,2.5074,3720.7031,9329.2549
3925572,2.481,3642.5781,9037.2236
3925609,2.4018,3696.2891,8877.8057
3925647,2.4282,3750,9105.7861
3925684,2.4282,3632.8125,8821.2305
3925722,2.3226,3720.7031,8641.8359
3925758,2.4282,3715.8203,9022.79
3925796,2.4018,3662.1094,8795.7129
3925834,2.481,3706.0547,9194.709
3925871,2.4546,3696.2891,9072.9219
3925909,2.481,3652.3438,9061.4521
3925946,2.5074,3715.8203,9317.0117
3925984,2.5602,3691.4063,9450.6543
3926021,2.4546,3662.1094,8989.0244
3926059,2.613,3710.9375,9696.5488
3926095,2.4546,3691.4063,9060.9365
3926133,2.3754,3681.6406,8745.4512
3926171,2.349,3715.8203,8728.5693
3926208,2.4018,3706.0547,8901.2607
3926246,2.3754,3691.4063,8768.6484
3926283,2.3754,3774.4141,8965.8271
3926321,2.3226,3671.875,8528.4258
3926358,2.3754,3730.4688,8861.4385
3926395,2.4546,3740.2344,9180.79
3926433,2.4546,3637.6953,8929.0977
3926470,2.5866,3691.4063,9548.084
3926508,2.5074,3725.5859,9341.498
3926545,2.4546,3627.9297,8905.127
3926583,2.4282,3671.875,8916.082
3926620,2.4282,3720.7031,9034.6465
3926658,2.4282,3647.4609,8856.7998
3926694,2.3754,3686.5234,8757.0498
3926732,2.3754,3759.7656,8931.0313
3926770,2.3754,3632.8125,8629.4639
3926807,2.3754,3696.2891,8780.2471
3926845,2.4546,3740.2344,9180.79
3926882,2.5074,3637.6953,9121.1221
3926920,2.5074,3691.4063,9255.7959
3926957,2.5338,3740.2344,9476.9443
3926994,2.481,3652.3438,9061.4521
3927032,2.4018,3706.0547,8901.2607
3927069,2.4282,3754.8828,9117.6426
3927107,2.4546,3657.2266,8977.0391
3927144,2.3226,3730.4688,8664.5176
3927182,2.3226,3740.2344,8687.2002
3927219,2.349,3662.1094,8602.4004
3927257,2.3226,3730.4688,8664.5176
3927293,2.349,3706.0547,8705.6289
3927331,2.3754,3681.6406,8745.4512
3927369,2.4018,3740.2344,8983.3545
3927406,2.3226,3686.5234,8562.4492
3927444,2.481,3681.6406,9134.1377
3927481,2.5074,3720.7031,9329.2549
3927519,2.5074,3666.9922,9194.5801
3927556,2.5338,3662.1094,9278.9932
3927593,2.481,3715.8203,9218.9375
3927631,2.5074,3706.0547,9292.5254
3927668,2.4018,3671.875,8819.168
3927706,2.4546,3725.5859,9144.834
3927743,2.3754,3715.8203,8826.6426
3927781,2.4018,3681.6406,8842.623
3927818,2.2171,3750,8313.9775
3927856,2.3226,3691.4063,8573.79
3927892,2.349,3706.0547,8705.6289
3927930,2.3226,3754.8828,8721.2227
3927968,2.3754,3686.5234,8757.0498
3928005,2.4282,3696.2891,8975.3643
3928043,2.5074,3715.8203,9317.0117
3928080,2.5866,3632.8125,9396.5273
3928118,2.5866,3662.1094,9472.3057
3928155,2.5602,3696.2891,9463.1553
3928193,2.5338,3666.9922,9291.3652
3928230,2.5074,3671.875,9206.8232
3928267,2.4546,3740.2344,9180.79
3928305,2.349,3691.4063,8671.2197
3928342,2.4018,3681.6406,8842.623
3928380,2.5074,3750,9402.7139
3928417,2.349,3652.3438,8579.4609
3928455,2.4546,3715.8203,9120.8633
3928492,2.4282,3750,9105.7861
3928529,2.4018,3652.3438,8772.2568
3928567,2.4018,3706.0547,8901.2607
3928604,2.4546,3710.9375,9108.8779
3928642,2.5338,3642.5781,9229.5049
3928679,2.4018,3681.6406,8842.623
3928717,2.481,3725.5859,9243.166
3928754,2.5602,3632.8125,9300.6445
3928792,2.481,3681.6406,9134.1377
3928829,2.3226,3750,8709.8818
3928866,2.2698,3652.3438,8290.2646
3928904,2.4018,3725.5859,8948.1719
3928941,2.1643,3774.4141,8168.8652
3928979,2.2171,3676.7578,8151.5957
3929016,2.2435,3754.8828,8423.9082
3929054,2.1379,3740.2344,7996.1724
3929091,2.1907,3710.9375,8129.4287
3929128,2.2171,3774.4141,8368.1055
3929166,2.2171,3696.2891,8194.8975
3929203,2.1379,3745.1172,8006.6113
3929241,2.1907,3759.7656,8236.3955
3929278,2.1907,3691.4063,8086.6426
3929316,2.1379,3754.8828,8027.4893
3929353,2.1643,3720.7031,8052.6201
3929391,2.1907,3706.0547,8118.7324
3929428,2.0323,3798.8281,7720.3799
3929465,2.0323,3681.6406,7482.2192
3929503,1.8739,3803.7109,7127.9424
3929540,1.6364,3872.0703,6336.2637
3929578,1.5836,3769.5313,5969.4854
3929615,1.6364,3857.4219,6312.293
3929653,1.5572,3837.8906,5976.4448
3929690,1.7684,3759.7656,6648.6563
3929728,1.5836,3886.7188,6155.0654
3929765,1.2669,3886.7188,4924.0522
3929802,1.2141,3872.0703,4701.0991
3929840,1.2141,3920.8984,4760.3813
3929877,1.1349,3872.0703,4394.5054
3929915,1.1085,3916.0156,4341.0225
3929952,1.1085,3925.7813,4351.8477
3929990,0.1584,4023.4375,637.1575
3930027,0.1848,4023.4375,743.3505
3930062,0.2111,4057.6172,856.7604
3930099,0.1848,4052.7344,748.7632
3930135,0.1584,4042.9688,640.2505
3930172,0.1848,4028.3203,744.2526
3930208,0.3167,4047.8516,1282.0475
3930246,0.2903,4057.6172,1178.0455
3930283,0.1848,4072.2656,752.3717
3930319,0.1584,4062.5,643.3435
3930355,0.2111,4052.7344,855.7294
3930392,0.2111,4057.6172,856.7604
3930429,0.132,4028.3203,531.609
3930465,0.1848,4042.9688,746.959
3930502,0.1848,4057.6172,749.6653
3930537,0.1584,4057.6172,642.5703
3930574,0.1848,4052.7344,748.7632
3930610,0.2111,4052.7344,855.7294
3930647,0.3431,4052.7344,1390.5603
3930684,0.1848,4057.6172,749.6653
3930721,0.1584,4033.2031,638.704
3930758,0.1584,4057.6172,642.5703
3930793,0.2111,4052.7344,855.7294
3930830,0.2903,4052.7344,1176.6279
3930867,0.1848,4057.6172,749.6653
3930904,0.2111,4033.2031,851.6054
3930940,0.1584,4052.7344,641.797
3930977,0.1584,4052.7344,641.797
3931013,0.1848,4052.7344,748.7632
3931049,0.132,4057.6172,535.4752
3931085,0.2111,4052.7344,855.7294
3931122,0.132,4062.5,536.1196
3931159,0.1584,4062.5,643.3435
3931195,0.1584,4057.6172,642.5703
3931232,0.2111,4057.6172,856.7604
3931268,0.132,4062.5,536.1196
3931304,0.1848,4052.7344,748.7632
3931340,0.1848,4057.6172,749.6653
3931377,0.1848,4057.6172,749.6653
3931413,0.1584,4057.6172,642.5703
3931450,0.2111,4057.6172,856.7604
3931486,0.2111,4057.6172,856.7604
3931523,0.2111,4057.6172,856.7604
3931559,0.1584,4052.7344,641.797
3931595,0.1584,4062.5,643.3435
3931632,0.132,4072.2656,537.4083
3931668,0.1584,4057.6172,642.5703
3931705,0.2375,4057.6172,963.8554
3931741,0.2375,4062.5,965.0153
3931778,0.2111,4062.5,857.7914
3931813,0.1584,4052.7344,641.797
3931850,0.132,4067.3828,536.764
3931886,0.1848,4047.8516,747.8611
3931923,0.2111,4062.5,857.7914
3931960,0.1848,4062.5,750.5675
3931996,0.2639,4062.5,1072.2393
3932034,0.2111,4062.5,857.7914
3932069,0.1584,4057.6172,642.5703
3932106,0.1584,4052.7344,641.797
3932142,0.1584,4062.5,643.3435
3932179,0.1584,4062.5,643.3435
3932215,0.1848,4067.3828,751.4696
3932252,0.1848,4062.5,750.5675
3932289,0.1584,4067.3828,644.1168
3932324,0.1584,4052.7344,641.797
3932361,0.1848,4067.3828,751.4696
3932397,0.132,4057.6172,535.4752
3932434,0.1584,4028.3203,637.9308
3932470,0.1584,4057.6172,642.5703
3932507,0.132,4062.5,536.1196
3932542,0.1848,4047.8516,747.8611
3932579,0.1584,4067.3828,644.1168
3932615,0.1584,4067.3828,644.1168
3932652,0.1848,4047.8516,747.8611
3932689,0.1584,4062.5,643.3435
3932725,0.1848,4062.5,750.5675
3932762,0.1584,4062.5,643.3435
3932797,0.1848,4062.5,750.5675
3932834,0.1848,4057.6172,749.6653
3932870,0.2111,4067.3828,858.8224
3932907,0.1584,4067.3828,644.1168
3932943,0.1584,4067.3828,644.1168
3932980,0.2375,4057.6172,963.8554
3933016,0.1584,4062.5,643.3435
3933052,0.1584,4057.6172,642.5703
3933089,0.2111,4057.6172,856.7604
3933125,0.132,4067.3828,536.764
3933162,0.1848,4057.6172,749.6653
3933198,0.1584,4067.3828,644.1168
3933235,0.1848,4067.3828,751.4696
3933271,0.1584,4062.5,643.3435
3933307,0.1848,4067.3828,751.4696
3933343,0.1848,4062.5,750.5675
3933380,0.1584,4067.3828,644.1168
3933416,0.1848,4062.5,750.5675
3933453,0.1584,4067.3828,644.1168
3933490,0.1848,4062.5,750.5675
3933526,0.1584,4067.3828,644.1168
3933562,0.132,4062.5,536.1196
3933598,0.1584,4067.3828,644.1168
3933635,0.1848,4062.5,750.5675
3933671,0.2111,4062.5,857.7914
3933708,0.2111,4057.6172,856.7604
3933744,0.132,4052.7344,534.8309
3933780,0.132,4067.3828,536.764
3933816,0.1848,4067.3828,751.4696
3933853,0.2111,4067.3828,858.8224
3933890,0.1848,4077.1484,753.2739
3933926,0.2111,4067.3828,858.8224
3933963,0.1584,4077.1484,645.6633
3933999,0.1848,4072.2656,752.3717
3934035,0.1584,4047.8516,641.0237
3934071,0.1584,4077.1484,645.6633
3934108,0.1848,4072.2656,752.3717
3934144,0.1584,4067.3828,644.1168
3934181,0.1848,4062.5,750.5675
3934218,0.1584,4062.5,643.3435
3934254,0.1584,4062.5,643.3435
3934290,0.132,4067.3828,536.764
3934326,0.1584,4067.3828,644.1168
3934363,0.2111,4062.5,857.7914
3934399,0.1584,4067.3828,644.1168
3934436,0.1848,4067.3828,751.4696
3934472,0.132,4057.6172,535.4752
3934509,0.1584,4067.3828,644.1168
3934544,0.1848,4057.6172,749.6653
3934581,0.2111,4067.3828,858.8224
3934618,0.1848,4062.5,750.5675
3934654,0.1848,4057.6172,749.6653
3934691,0.2111,4052.7344,855.7294
3934727,0.1584,4062.5,643.3435
3934764,0.132,4062.5,536.1196
3934799,0.132,4062.5,536.1196
3934836,0.1584,4072.2656,644.89
3934872,0.1584,4072.2656,644.89
3934909,0.1584,4057.6172,642.5703
3934945,0.1848,4072.2656,752.3717
3934982,0.1584,4067.3828,644.1168
3935019,0.1848,4062.5,750.5675
3935054,0.2111,4077.1484,860.8844
3935091,0.132,4067.3828,536.764
3935127,0.1584,4067.3828,644.1168
3935164,0.1848,4057.6172,749.6653
3935200,0.1848,4072.2656,752.3717
3935237,0.132,4072.2656,537.4083
3935272,0.2111,4067.3828,858.8224
3935309,0.1584,4057.6172,642.5703
3935345,0.2111,4057.6172,856.7604
3935382,0.2111,4067.3828,858.8224
3935419,0.1848,4067.3828,751.4696
3935455,0.2111,4072.2656,859.8534
3935492,0.1584,4072.2656,644.89
3935527,0.2111,4067.3828,858.8224
3935564,0.1584,4077.1484,645.6633
3935600,0.2111,4067.3828,858.8224
3935637,0.1584,4067.3828,644.1168
3935673,0.1848,4072.2656,752.3717
3935710,0.1848,4072.2656,752.3717
3935746,0.2111,4067.3828,858.8224
3935782,0.2111,4067.3828,858.8224
